id,email,first_name,last_name,source,campaign_id,created_at,converted,converted_at
1,gertrudekostolzin@example.net,Zaira,Texier,referral,CAMP_8479,2025-11-24 20:04:29,False,
2,benjamin07@example.net,Véronique,Lamy,email_campaign,CAMP_2357,2025-06-17 02:41:52,False,
3,grein-grothpawel@example.com,Rebecca,Pelletier,organic,CAMP_6891,2025-10-17 01:18:04,False,
4,besnardsylvie@example.com,Mayte,Caspar,organic,CAMP_7116,2025-06-24 03:01:39,False,
5,auravazquez@example.org,Juergen,Uría,organic,CAMP_1928,2025-10-07 11:52:39,True,2025-11-02 03:14:37
6,george71@example.org,Dorita,Payet,paid_ads,CAMP_8474,2024-12-23 19:45:55,True,2025-07-18 20:27:52
7,alphonse59@example.com,Theobald,Albert,organic,CAMP_6674,2025-10-25 03:07:35,True,2025-10-27 00:56:20
8,tina60@example.com,Tomasz,Jordá,referral,CAMP_8661,2024-12-31 07:40:24,True,2025-02-24 15:57:29
9,heinharri@example.com,Nath,Moore,email_campaign,CAMP_6582,2025-03-10 00:39:51,False,
10,dakota03@example.org,Rebecca,Warmer,organic,CAMP_7403,2025-04-10 18:40:46,True,2025-07-02 10:16:47
11,gibsondavid@example.org,Robert,Andrade,organic,CAMP_6968,2025-03-14 08:36:56,True,2025-09-22 16:04:05
12,sorgatzegbert@example.net,Montserrat,Boyer,email_campaign,CAMP_5330,2025-11-21 15:38:42,True,2025-11-26 13:30:20
13,shawn63@example.com,Françoise,Torres,referral,CAMP_9076,2025-02-13 17:51:26,False,
14,hernandezoceane@example.net,Christiane,Seifert,organic,CAMP_2381,2025-09-16 13:10:17,False,
15,valentineprevost@example.net,Audrey,Schäfer,referral,CAMP_4129,2025-06-11 16:06:40,True,2025-10-24 14:05:31
16,hans-bernd48@example.org,Cornelio,Dean,paid_ads,CAMP_3112,2025-01-14 02:20:43,True,2025-07-28 05:40:59
17,marciaalmagro@example.org,Angelino,Jacob,referral,CAMP_8199,2025-04-11 23:15:06,False,
18,frosemann@example.com,Rebecca,Rivas,organic,CAMP_2349,2025-04-19 14:16:30,True,2025-05-18 00:31:12
19,alwine53@example.net,Gabrielle,Bruder,referral,CAMP_8829,2025-02-23 05:24:47,False,
20,laurentroussel@example.org,Laurence,Figuerola,referral,CAMP_5473,2025-10-26 17:31:49,True,2025-11-16 19:09:14
21,abascalreyes@example.com,Victoriano,Moreno,organic,CAMP_9223,2025-03-30 05:13:17,False,
22,smurphy@example.com,Estefanía,Ibañez,paid_ads,CAMP_8093,2025-09-19 09:43:14,True,2025-10-20 12:02:52
23,klemtandrey@example.org,Vanessa,Atkinson,paid_ads,CAMP_8784,2025-08-07 08:53:33,False,
24,marisolacuna@example.com,Natalia,Neira,organic,CAMP_1690,2025-09-07 15:02:34,True,2025-09-21 02:43:37
25,qduval@example.com,Heinz-Josef,Bonneau,email_campaign,CAMP_6281,2025-10-22 05:47:07,False,
26,rosscharlene@example.com,Lauren,Knight,paid_ads,CAMP_2041,2024-12-26 21:50:12,False,
27,bbesnard@example.com,Seth,Heredia,email_campaign,CAMP_3875,2025-03-03 17:13:50,True,2025-09-25 18:29:42
28,ligiaduarte@example.org,Brittney,Metz,organic,CAMP_6414,2025-07-28 00:18:12,False,
29,bllamas@example.org,Zacarías,Spieß,organic,CAMP_3172,2025-03-21 09:53:24,False,
30,qmcmillan@example.org,Odalys,Robin,paid_ads,CAMP_8895,2025-01-16 15:00:59,False,
31,amada64@example.com,Felicia,Perez,organic,CAMP_4774,2025-11-01 03:07:32,False,
32,alexandrieleleu@example.net,Maggie,Guibert,email_campaign,CAMP_6880,2025-09-09 15:03:54,True,2025-10-01 21:42:27
33,gregory80@example.org,Fredy,Ullrich,email_campaign,CAMP_6655,2025-10-02 07:35:54,False,
34,caecilia09@example.com,Édith,Chapman,referral,CAMP_1425,2025-05-04 08:38:28,True,2025-11-18 04:53:16
35,vanessaburnett@example.com,Carrie,Montaña,paid_ads,CAMP_6977,2025-05-16 14:25:55,True,2025-06-12 03:13:22
36,vidaldario@example.org,Yésica,Bouvet,organic,CAMP_7401,2025-08-14 01:09:53,False,
37,boutinandre@example.net,Martine,Ayala,organic,CAMP_7902,2025-05-24 12:37:04,True,2025-09-25 18:34:55
38,paulmerle@example.com,Zoé,Montalbán,organic,CAMP_3455,2025-07-14 23:46:46,False,
39,baileyashley@example.net,Jacques,Fischer,email_campaign,CAMP_3224,2025-04-20 18:09:17,True,2025-05-24 09:38:06
40,suzanneledoux@example.net,Ulrike,Hampton,email_campaign,CAMP_6821,2025-06-20 05:22:42,True,2025-11-21 18:22:12
41,patricioalarcon@example.net,Fabio,Knight,organic,CAMP_6530,2025-02-19 23:56:33,True,2025-08-16 11:11:19
42,poliver@example.com,Lori,Nieto,referral,CAMP_3652,2025-04-19 22:06:22,False,
43,sdufour@example.org,Natalie,Denis,referral,CAMP_6872,2025-10-10 22:37:21,True,2025-11-27 00:53:45
44,scottross@example.net,Bernadette,Haase,paid_ads,CAMP_3868,2025-06-02 00:07:43,False,
45,nacio32@example.com,Logan,Merle,email_campaign,CAMP_5475,2025-11-08 18:13:46,False,
46,caseyjames@example.org,Édouard,Sparks,paid_ads,CAMP_1812,2025-02-12 08:55:31,False,
47,ithomas@example.net,Evangelina,Lucena,email_campaign,CAMP_6102,2025-08-25 12:39:05,False,
48,jacksonjennifer@example.net,François,Lacombe,organic,CAMP_7330,2025-01-10 11:56:55,False,
49,agnesmorvan@example.org,Nicolas,Beltrán,email_campaign,CAMP_5465,2025-10-18 10:13:43,True,2025-11-11 20:09:13
50,amaliapatberg@example.com,Damaris,Alvarado,organic,CAMP_8996,2025-09-28 13:28:15,True,2025-11-08 19:52:22
51,ivall@example.org,Hildburg,Robertson,paid_ads,CAMP_5310,2025-09-23 08:54:21,False,
52,jeanchantal@example.net,Emiliano,Cepeda,email_campaign,CAMP_8384,2025-07-12 23:46:05,False,
53,zoe07@example.net,Edgardo,Heinrich,email_campaign,CAMP_1939,2025-01-02 01:31:55,True,2025-03-27 03:17:02
54,glopez@example.com,Paolo,Michaud,email_campaign,CAMP_2462,2025-09-20 20:42:03,False,
55,rebeccasmith@example.org,Émile,Söding,referral,CAMP_6468,2025-01-20 05:21:23,True,2025-09-12 15:40:42
56,tomasagaya@example.org,Erdal,Sanchez,organic,CAMP_5971,2025-04-21 06:40:10,True,2025-07-21 15:46:07
57,jguillou@example.org,Mechthild,Mayo,email_campaign,CAMP_3180,2025-05-12 02:28:25,False,
58,deborahnguyen@example.org,Aitor,Lefèvre,paid_ads,CAMP_8623,2025-02-28 05:29:01,False,
59,maria-cristina30@example.net,Ainara,Wagner,paid_ads,CAMP_3147,2025-06-05 18:37:11,False,
60,wenkeadler@example.com,Mauricio,Hernandez,paid_ads,CAMP_4313,2025-10-14 23:30:32,False,
61,pcook@example.net,Catherine,Pagès,referral,CAMP_8626,2025-08-11 19:52:17,False,
62,amayabenigno@example.net,Otto,Knappe,referral,CAMP_4379,2025-04-23 02:28:24,True,2025-08-02 21:44:55
63,bacosta@example.net,Cheryl,Thomas,email_campaign,CAMP_5527,2025-08-12 02:02:12,False,
64,merleelodie@example.net,Iker,Marchand,organic,CAMP_6227,2024-12-27 19:37:32,False,
65,rfechner@example.com,Charles,Briand,paid_ads,CAMP_8006,2025-06-21 04:33:03,True,2025-11-09 15:02:59
66,sarah81@example.org,Penny,Wilms,paid_ads,CAMP_1598,2025-08-27 00:43:52,False,
67,remychauvet@example.com,Magarete,Pozuelo,paid_ads,CAMP_2191,2024-12-23 13:56:10,False,
68,agatabecker@example.org,Thomas,Cantu,paid_ads,CAMP_6681,2024-12-20 06:45:40,True,2025-09-18 12:27:06
69,alemanymoreno@example.com,Inge,Evrard,organic,CAMP_7846,2025-02-11 13:30:11,False,
70,gerardmahe@example.org,Régulo,Bolaños,referral,CAMP_6460,2025-09-24 22:28:35,False,
71,icalvet@example.net,Vito,Morris,paid_ads,CAMP_1996,2025-02-28 22:13:02,True,2025-06-22 21:40:14
72,evanslisa@example.org,Manon,Thibault,email_campaign,CAMP_8937,2025-07-18 22:32:00,False,
73,ferdikarz@example.org,Carmen,Henry,organic,CAMP_2650,2025-11-24 05:36:13,True,2025-11-28 03:47:34
74,auguste62@example.net,Scott,Arellano,organic,CAMP_8258,2025-02-13 07:53:56,True,2025-04-25 05:35:49
75,guibertarthur@example.net,Lindsay,Moraleda,email_campaign,CAMP_4628,2025-07-07 02:15:14,False,
76,veraazeneth@example.net,Hortense,Asensio,paid_ads,CAMP_4679,2025-07-28 22:09:59,False,
77,ddussen-van@example.net,Tristan,Baldwin,organic,CAMP_4362,2025-01-17 11:57:26,False,
78,cirino54@example.com,Joseph,Adams,paid_ads,CAMP_7338,2025-08-06 14:44:12,True,2025-08-11 02:01:31
79,josephbaudry@example.org,Randall,Green,referral,CAMP_5120,2025-04-02 10:57:35,False,
80,ryan75@example.com,Falk,Tanguy,email_campaign,CAMP_4678,2025-09-21 16:15:11,False,
81,blotluc@example.net,Troy,Valenzuela,referral,CAMP_1108,2025-05-03 02:17:33,True,2025-06-09 01:43:33
82,augustegrenier@example.net,Santiago,Fouquet,email_campaign,CAMP_7218,2025-10-24 12:04:54,False,
83,zavalaangela@example.net,Iván,Cuevas,paid_ads,CAMP_7745,2025-11-08 22:02:23,False,
84,eusebiafalco@example.com,Matthew,Barroso,referral,CAMP_3401,2025-01-28 07:00:14,False,
85,sschaefer@example.com,Xavier,Hermighausen,paid_ads,CAMP_1290,2025-08-04 09:33:14,False,
86,kathleen62@example.net,Purificación,Girard,referral,CAMP_4718,2025-08-12 04:19:11,False,
87,rmans@example.org,Richard,Rodgers,paid_ads,CAMP_2716,2025-10-30 07:10:34,True,2025-11-18 02:11:40
88,olivierrenaud@example.net,Mustafa,Bárcena,paid_ads,CAMP_4847,2025-11-19 13:23:16,True,2025-11-21 11:18:14
89,klegendre@example.org,Terry,Geißler,paid_ads,CAMP_7824,2025-08-21 02:31:16,False,
90,pauljacques@example.com,Alla,Scholz,organic,CAMP_2169,2025-11-07 17:58:34,False,
91,eugeneetienne@example.com,Bertrand,Ramos,paid_ads,CAMP_6627,2025-11-21 02:58:58,False,
92,aaron91@example.org,Michelle,Phillips,referral,CAMP_1502,2025-04-28 09:33:55,False,
93,guzmanmodesta@example.com,Tamara,Börner,paid_ads,CAMP_7534,2025-06-19 22:08:49,False,
94,vyang@example.com,Hartwig,Gonzalez,referral,CAMP_4774,2025-01-21 13:23:02,False,
95,carreteroedgardo@example.net,Isaac,Junk,organic,CAMP_3346,2025-01-11 08:05:37,False,
96,corraladoracion@example.net,Josefina,Menéndez,paid_ads,CAMP_4063,2025-05-07 14:44:23,True,2025-08-18 08:47:17
97,eatondenise@example.net,Vilma,Léger,referral,CAMP_5852,2025-03-28 06:56:25,False,
98,sreilly@example.net,Aurelio,Chapman,referral,CAMP_6814,2025-08-28 02:48:24,False,
99,berrysamantha@example.net,Stephanie,Arévalo,referral,CAMP_4887,2025-04-20 12:14:39,True,2025-06-12 16:01:07
100,cmaillot@example.net,Jose,Joly,email_campaign,CAMP_5864,2024-12-10 23:30:16,False,
101,adrien85@example.org,Modesto,Löwer,organic,CAMP_8708,2025-10-24 02:08:13,False,
102,nath57@example.net,Jérôme,Lejeune,referral,CAMP_7931,2025-08-23 23:45:36,False,
103,zoneal@example.com,Maxi,Hoffman,organic,CAMP_6574,2025-11-02 18:19:12,True,2025-11-07 22:28:32
104,randallmitchell@example.net,Carmen,Underwood,paid_ads,CAMP_4279,2025-04-17 17:38:29,True,2025-07-27 19:21:38
105,oyuste@example.org,Antoinette,Gay,paid_ads,CAMP_7402,2025-03-01 12:21:44,True,2025-06-15 20:34:48
106,ueimer@example.net,Pamela,Sorgatz,email_campaign,CAMP_9958,2025-04-23 19:50:42,False,
107,bledesma@example.org,Hannelore,Andre,organic,CAMP_8633,2025-08-10 05:42:52,False,
108,manonmillet@example.net,Grégoire,Cerdán,organic,CAMP_3676,2025-06-27 23:33:17,True,2025-07-26 00:07:54
109,wesacksilvia@example.org,Élodie,Devaux,referral,CAMP_6621,2025-10-01 00:09:21,False,
110,hsedano@example.com,Elizabeth,Imbert,referral,CAMP_9054,2025-11-17 00:15:48,True,2025-11-20 12:46:55
111,lorenzheinz@example.com,Noemí,Dunn,email_campaign,CAMP_2938,2025-04-17 20:25:15,True,2025-11-17 03:22:42
112,flehmann@example.com,Jason,Cochran,email_campaign,CAMP_3634,2025-08-15 01:45:57,False,
113,galanhugo@example.com,Jonathan,Toledo,paid_ads,CAMP_5820,2025-09-02 21:13:19,True,2025-10-01 23:52:23
114,lisastein@example.org,Thibault,Montalbán,organic,CAMP_6723,2025-09-25 08:47:09,False,
115,kimberlyharris@example.com,Olivie,Pareja,referral,CAMP_5088,2025-06-09 19:21:57,False,
116,sotelomilagros@example.com,Alain,Aubert,email_campaign,CAMP_1735,2025-08-13 11:39:30,True,2025-10-08 05:44:27
117,dominikbarth@example.net,Jean,Ruiz,email_campaign,CAMP_2391,2024-12-27 02:41:09,True,2025-05-10 00:45:51
118,lamores@example.org,William,Dean,organic,CAMP_7726,2025-06-26 07:31:26,False,
119,laurentpaul@example.com,Aleksander,Boutin,email_campaign,CAMP_1269,2025-09-17 02:44:23,False,
120,gunhild84@example.net,Patrick,Klingelhöfer,email_campaign,CAMP_3441,2025-07-27 13:57:07,False,
121,yrubio@example.com,Chantal,Spears,paid_ads,CAMP_4186,2025-08-12 17:04:19,False,
122,ddomenech@example.org,Adolf,Bernard,referral,CAMP_9862,2025-03-02 23:50:23,True,2025-06-10 11:27:30
123,spencerkathleen@example.org,Greta,Williams,paid_ads,CAMP_7995,2025-01-09 02:17:59,False,
124,hparrish@example.net,Juan Pablo,Calvo,referral,CAMP_3018,2025-11-11 06:19:22,False,
125,arthurfaure@example.org,Aroa,Salazar,organic,CAMP_1849,2025-02-24 12:42:04,False,
126,jameslisa@example.org,Cornelius,Süßebier,paid_ads,CAMP_8023,2025-08-07 17:19:57,True,2025-08-26 14:22:59
127,cuetoambar@example.com,Gunter,Español,organic,CAMP_2300,2024-11-30 13:17:38,False,
128,elenaferrandez@example.org,Katherine,Phillips,organic,CAMP_5115,2025-10-06 12:02:26,True,2025-10-15 20:25:37
129,mahemarianne@example.org,Ruperta,Batalla,email_campaign,CAMP_3005,2025-06-05 01:48:34,False,
130,rlecomte@example.com,Craig,Chartier,referral,CAMP_8167,2025-05-07 02:10:07,False,
131,ukruschwitz@example.org,Marina,Gutknecht,organic,CAMP_8713,2025-01-04 04:37:27,False,
132,thorstengirschner@example.com,Thomas,Koch II,paid_ads,CAMP_1331,2025-02-17 15:27:16,False,
133,sbeltran@example.org,Audrey,Núñez,email_campaign,CAMP_8956,2025-11-04 19:58:39,True,2025-11-22 08:51:06
134,ernestlinke@example.org,Mary,Klemt,referral,CAMP_3382,2025-10-13 14:38:36,False,
135,joe79@example.com,Ernest,Madrigal,organic,CAMP_8903,2025-03-14 06:08:52,False,
136,gmorata@example.org,Amalie,Castillo,email_campaign,CAMP_8748,2025-11-16 09:31:41,False,
137,moorekevin@example.org,Julie,Ribeiro,paid_ads,CAMP_3358,2025-07-20 18:12:18,True,2025-08-13 10:18:36
138,benjamingonzalez@example.com,Lucas,Dupuis,organic,CAMP_8961,2024-12-18 09:54:16,True,2025-05-09 15:58:00
139,sophieboulay@example.org,Linus,Zaragoza,organic,CAMP_4165,2025-01-17 00:23:59,True,2025-06-21 23:54:46
140,cfarmer@example.net,Darin,Calvo,email_campaign,CAMP_2909,2025-11-14 01:14:06,False,
141,bowmangary@example.net,Corinne,Wagner,referral,CAMP_2717,2025-02-23 02:03:39,False,
142,melaniacabo@example.net,Lorena,Calvet,organic,CAMP_5786,2025-04-16 14:21:28,True,2025-09-03 07:30:37
143,ana-belengutierrez@example.org,Matthew,Segarra,email_campaign,CAMP_4610,2025-04-26 11:41:50,True,2025-09-24 13:26:03
144,jovegeraldo@example.net,Frank,Julien,organic,CAMP_6535,2025-03-21 07:30:27,False,
145,sweller@example.net,Elodia,Arjona,email_campaign,CAMP_4829,2024-12-18 21:59:56,False,
146,tomasmanolo@example.net,Rafa,Michael,paid_ads,CAMP_8962,2025-07-24 07:07:40,True,2025-08-19 18:06:11
147,jbaum@example.org,Emiliana,Sauvage,email_campaign,CAMP_9709,2025-11-20 01:01:27,False,
148,ptorrents@example.net,Marcial,Lee,referral,CAMP_5856,2025-04-13 08:25:40,True,2025-09-17 02:26:18
149,gabriellelamy@example.org,Daniel,Martinez,referral,CAMP_3753,2025-05-30 16:05:44,True,2025-11-12 12:08:00
150,magdalenabirnbaum@example.com,Christine,Otto,organic,CAMP_3081,2025-02-05 17:36:15,False,
151,jmascaro@example.org,Jessika,Monroe,referral,CAMP_6739,2025-04-30 12:25:32,False,
152,rebollobartolome@example.net,Clémence,Foley,email_campaign,CAMP_5391,2025-04-25 17:33:13,True,2025-09-26 11:49:46
153,watkinsronald@example.net,Flor,Calvo,referral,CAMP_2510,2025-10-13 06:59:21,True,2025-11-05 14:23:53
154,maximino70@example.org,Helfried,Kade,email_campaign,CAMP_1173,2025-04-20 23:55:37,False,
155,holstenali@example.net,Corinne,Flores,referral,CAMP_3346,2025-05-26 03:17:32,False,
156,friedrich10@example.com,Odette,Tlustek,organic,CAMP_2296,2025-08-11 03:27:32,True,2025-10-25 06:26:31
157,andrea49@example.org,Enno,Avilés,paid_ads,CAMP_4546,2025-07-14 11:10:34,False,
158,charles07@example.org,Wilma,Álvaro,referral,CAMP_2605,2025-08-06 00:19:10,False,
159,cgraf@example.net,Annemie,Stevenson,organic,CAMP_6798,2025-07-29 07:51:21,False,
160,qcanton@example.com,Mary,Hunter,referral,CAMP_4782,2025-11-02 14:42:24,False,
161,cheryl82@example.org,Genoveva,Feijoo,paid_ads,CAMP_7466,2025-07-24 01:13:40,False,
162,kjacobs@example.org,Fausto,Stiffel,email_campaign,CAMP_1258,2025-10-27 07:30:15,False,
163,zobeleitel@example.com,Svenja,Agustín,email_campaign,CAMP_1662,2025-01-15 06:46:51,True,2025-07-17 04:52:22
164,carla13@example.org,Adam,Kabus,organic,CAMP_6558,2024-11-30 13:43:29,False,
165,jasmin07@example.net,Daniel,Jones,email_campaign,CAMP_3818,2025-06-11 03:36:02,False,
166,abigailenglish@example.net,Caren,Patterson,organic,CAMP_6467,2025-01-11 23:07:59,True,2025-08-25 08:33:05
167,wisesteven@example.org,Constance,Washington,referral,CAMP_7025,2025-02-10 10:51:43,True,2025-08-23 12:30:04
168,alphonserossi@example.net,Denise,Munoz,paid_ads,CAMP_8692,2025-10-30 03:28:57,False,
169,harrismichael@example.org,Wolf-Rüdiger,Madrid,paid_ads,CAMP_9791,2025-11-24 13:58:30,True,2025-11-27 08:50:59
170,alain13@example.com,Denise,Bolzmann,organic,CAMP_8816,2025-01-15 13:53:52,True,2025-04-12 07:22:25
171,leandro73@example.org,Hannah,Werner,paid_ads,CAMP_5581,2025-02-19 19:03:55,True,2025-08-05 19:18:27
172,balcaraz@example.com,Michael,Hartung,referral,CAMP_8045,2025-06-20 17:20:33,False,
173,laure05@example.org,Nath,Albert,paid_ads,CAMP_3627,2025-10-21 14:49:24,False,
174,lutzrenner@example.com,Raúl,Ballesteros,paid_ads,CAMP_5979,2025-04-06 13:11:01,False,
175,daniel32@example.net,Miguel,Jones,email_campaign,CAMP_5455,2025-08-22 05:48:43,False,
176,ladeckanna-maria@example.com,Dawn,Schinke,referral,CAMP_8050,2025-04-05 18:36:02,True,2025-10-29 14:50:32
177,jillwoods@example.net,Donata,Torrent,paid_ads,CAMP_9203,2025-08-21 00:39:58,False,
178,orianaviana@example.org,Bernard,Gumprich,organic,CAMP_9714,2024-12-26 16:27:23,False,
179,cecilia01@example.org,Christy,Peral,paid_ads,CAMP_2367,2025-03-03 14:19:31,False,
180,arcofilomena@example.org,Nath,Wende,organic,CAMP_6137,2025-06-04 18:38:47,True,2025-08-24 12:07:48
181,flaviocamara@example.com,Gunhild,Torre,paid_ads,CAMP_2811,2025-07-20 21:16:17,True,2025-07-31 22:17:16
182,xcarbajo@example.org,Nicole,Lopes,email_campaign,CAMP_9920,2025-06-12 21:47:42,False,
183,mherve@example.net,Joseph,Kaiser,email_campaign,CAMP_7469,2025-08-04 07:31:51,True,2025-09-19 16:43:58
184,hilario65@example.net,Margot,Koch II,email_campaign,CAMP_9978,2025-09-25 16:54:39,True,2025-11-26 06:55:04
185,gerardcordier@example.net,Gerda,Calleja,referral,CAMP_3480,2025-07-08 09:19:37,True,2025-10-10 10:31:47
186,michelledenis@example.net,Paul,Butler,referral,CAMP_4477,2025-10-07 02:41:56,False,
187,pauldavid@example.com,Ximena,Lynch,email_campaign,CAMP_3338,2025-01-27 15:55:43,False,
188,anouk59@example.com,Leif,Olivé,paid_ads,CAMP_2542,2025-04-23 11:16:46,True,2025-11-25 17:11:48
189,chantaltanguy@example.net,Melania,Munoz,paid_ads,CAMP_3520,2025-02-28 23:43:16,False,
190,karawilson@example.com,Debra,Hierro,email_campaign,CAMP_3354,2025-04-20 23:46:45,False,
191,augustin93@example.net,Jan,Rodriguez,email_campaign,CAMP_8031,2025-04-05 08:03:01,False,
192,cayetanaledesma@example.com,Aimé,Klein,organic,CAMP_9816,2024-12-02 10:56:05,False,
193,zmunoz@example.com,Pánfilo,Ward,referral,CAMP_6500,2025-05-23 22:35:46,False,
194,jean24@example.com,Alexis,Hall,referral,CAMP_1808,2025-04-25 19:51:41,False,
195,jeronimo94@example.com,Jérôme,Duarte,referral,CAMP_3020,2024-12-24 16:23:37,False,
196,francoismenard@example.org,Dave,Vizcaíno,email_campaign,CAMP_8313,2025-10-02 11:39:21,False,
197,klothilde82@example.net,Alyssa,Smith,organic,CAMP_9022,2025-09-02 18:33:05,False,
198,martha64@example.org,Remigio,Raya,email_campaign,CAMP_7736,2025-05-12 09:17:37,True,2025-09-13 04:05:19
199,valentin90@example.com,Tristan,Miller,organic,CAMP_5705,2025-11-10 20:17:26,False,
200,kanderson@example.net,Santiago,Sierra,paid_ads,CAMP_5524,2024-12-27 03:45:10,True,2025-04-01 00:47:18
201,wendelinkohl@example.org,Florencio,Loos,paid_ads,CAMP_8516,2025-09-01 15:21:21,True,2025-09-21 17:26:33
202,jackcarter@example.org,Marc,Leblanc,organic,CAMP_8400,2025-01-06 10:27:49,True,2025-09-01 17:01:22
203,nperret@example.org,Ruperta,Thomas,referral,CAMP_8930,2025-07-29 06:54:42,False,
204,gregoirechevalier@example.net,Rico,Robertson,organic,CAMP_7038,2025-07-27 00:24:22,False,
205,murphymike@example.net,Balduino,Carrión,email_campaign,CAMP_4819,2025-11-09 11:26:24,True,2025-11-10 18:32:30
206,dauger@example.org,Hans-Ludwig,Manzanares,paid_ads,CAMP_9703,2025-11-04 20:52:28,False,
207,clercceline@example.com,Jessica,Carrasco,email_campaign,CAMP_8540,2025-09-13 17:25:52,False,
208,vickiewilliams@example.org,Ambrosio,Nohlmans,email_campaign,CAMP_6185,2025-02-06 21:53:20,True,2025-06-10 10:42:12
209,yguilbert@example.net,Armida,Schäfer,organic,CAMP_2741,2024-12-17 09:10:11,True,2025-05-23 16:28:39
210,kathy90@example.com,Kristin,Trubin,organic,CAMP_6295,2025-06-19 04:13:06,False,
211,pcampbell@example.org,Fermín,Guardiola,paid_ads,CAMP_4598,2025-11-27 15:53:56,False,
212,mneuschaefer@example.org,Adam,Liebelt,email_campaign,CAMP_3189,2024-12-25 20:15:34,False,
213,georgescamille@example.com,Debbie,Arteaga,organic,CAMP_3354,2024-12-29 17:56:09,False,
214,rieraserafina@example.org,Till,Goncalves,organic,CAMP_6056,2025-03-16 13:31:37,False,
215,claashaering@example.org,Eric,Joseph,organic,CAMP_6896,2025-06-13 09:21:37,False,
216,traorecatherine@example.com,Klothilde,Escolano,paid_ads,CAMP_7993,2024-12-02 09:11:00,True,2025-01-31 15:31:16
217,wgonzalez@example.net,David,Kranz,email_campaign,CAMP_6086,2025-02-01 05:55:23,False,
218,terronamerica@example.org,Luce,Salamanca,paid_ads,CAMP_9726,2025-09-19 01:29:56,False,
219,ttrommler@example.com,Minna,Carey,organic,CAMP_4465,2025-02-12 07:51:04,True,2025-05-03 13:21:30
220,eva-maria67@example.org,Antoinette,Castillo,organic,CAMP_2573,2024-12-10 08:31:51,False,
221,domingo08@example.org,Lucie,Baños,referral,CAMP_1988,2025-05-01 07:39:03,False,
222,parkteresa@example.net,Susan,Atkins,organic,CAMP_7584,2025-02-18 11:45:18,False,
223,mscholtz@example.com,Marcio,Morel,organic,CAMP_7003,2025-01-11 07:05:55,True,2025-06-09 03:51:10
224,ruben13@example.com,Marianne,Folch,paid_ads,CAMP_6813,2024-12-22 06:48:02,False,
225,wholt@example.org,Christa-Maria,Chrétien,email_campaign,CAMP_7722,2025-07-09 06:52:46,False,
226,bautistaisabel@example.com,Leyre,Berthelot,paid_ads,CAMP_4393,2025-10-16 02:37:29,True,2025-11-01 22:57:01
227,jessicabeltran@example.net,Heinz-Peter,Meister,email_campaign,CAMP_9758,2025-02-06 08:22:19,True,2025-03-19 10:37:31
228,christopherwilms@example.net,María Fernanda,Chrétien,email_campaign,CAMP_7372,2024-12-25 00:06:53,True,2025-06-19 10:12:30
229,jpaul@example.net,Paulette,Geißler,organic,CAMP_5019,2025-04-16 19:46:05,True,2025-11-13 15:27:25
230,tomislav69@example.net,Tristan,Henderson,paid_ads,CAMP_3517,2025-03-06 00:34:00,True,2025-03-29 23:45:11
231,mancebojuan-pablo@example.com,Aimé,Castell,paid_ads,CAMP_8351,2025-07-26 11:58:11,False,
232,klingelhoeferrafael@example.org,Darren,Wise,paid_ads,CAMP_5780,2025-06-24 00:42:50,True,2025-11-08 00:39:01
233,nphilippe@example.com,Adrien,Leon,paid_ads,CAMP_2462,2025-11-27 17:19:28,True,2025-11-27 21:47:03
234,aprilboyer@example.com,Thérèse,Scholz,email_campaign,CAMP_3526,2025-02-20 16:36:32,True,2025-06-16 04:53:30
235,kevinrogge@example.com,Aristides,Martin,referral,CAMP_2197,2025-03-30 14:55:10,False,
236,curtsegebahn@example.com,Juan Pablo,Hamilton,referral,CAMP_2736,2025-02-12 12:10:23,True,2025-05-06 00:23:20
237,theophile09@example.org,Georgina,Brown,email_campaign,CAMP_4342,2025-08-05 04:54:50,False,
238,casandraabellan@example.org,Juliette,Kraus,referral,CAMP_4962,2024-12-10 15:10:15,True,2025-11-18 18:25:37
239,ngertz@example.org,Jessica,Hernandez,paid_ads,CAMP_9158,2025-10-29 21:40:46,True,2025-11-23 09:48:50
240,odette18@example.org,Guntram,Otto,email_campaign,CAMP_1014,2024-12-26 01:44:54,True,2025-09-30 21:33:13
241,cillybinner@example.org,Michael,Morel,referral,CAMP_6012,2025-08-03 02:10:34,True,2025-09-25 23:21:20
242,dmayol@example.net,Alfred,Grondin,referral,CAMP_8953,2025-01-07 08:03:33,True,2025-08-05 17:17:59
243,haeringfredy@example.com,Fátima,Shepard,email_campaign,CAMP_6010,2025-01-26 04:38:57,False,
244,lucie57@example.org,Margot,Somoza,referral,CAMP_6473,2025-07-10 05:12:19,True,2025-07-10 17:09:09
245,judith09@example.com,Matthew,Dillon,paid_ads,CAMP_2551,2025-08-14 09:53:21,False,
246,marielewarmer@example.com,Karolina,Tessier,email_campaign,CAMP_1258,2025-04-06 12:10:01,False,
247,joergen14@example.com,Andrew,Hernandez,paid_ads,CAMP_7204,2025-05-04 10:15:29,False,
248,odalys77@example.com,Zoraida,Ortuño,referral,CAMP_5000,2025-07-21 21:26:45,True,2025-09-28 07:29:21
249,tschoenland@example.com,Franz-Peter,Martin,paid_ads,CAMP_2185,2025-06-07 22:17:56,True,2025-10-03 21:21:55
250,belliott@example.net,Melisa,Peterson,organic,CAMP_3319,2025-09-29 09:57:38,False,
251,callejaelba@example.net,Lucy,Jüttner,referral,CAMP_9366,2025-05-04 12:12:59,True,2025-09-10 14:57:37
252,sauvagethibaut@example.net,Mathilde,Carreras,email_campaign,CAMP_8456,2025-01-29 05:38:32,False,
253,samores@example.net,Florentino,Radisch,email_campaign,CAMP_3575,2025-01-16 15:15:42,True,2025-02-26 15:29:56
254,odettetoussaint@example.org,Gisela,Hammond,paid_ads,CAMP_4933,2025-07-14 19:22:59,False,
255,thamilton@example.net,Paulino,Martí,organic,CAMP_5886,2025-09-05 05:59:30,True,2025-11-02 18:20:19
256,staudekordula@example.net,Olegario,Rodriguez,organic,CAMP_5814,2025-01-12 08:40:51,False,
257,didiereugene@example.org,Austin,Asensio,organic,CAMP_8023,2025-06-23 17:05:52,True,2025-09-15 12:31:11
258,caeciliewirth@example.com,Sarah,Roger,paid_ads,CAMP_4374,2025-04-25 17:27:23,True,2025-08-08 01:07:54
259,beckerjoseph@example.com,Alexandre,Gay,email_campaign,CAMP_7958,2025-03-03 13:00:33,False,
260,zlopez@example.com,Candelas,Bouchet,paid_ads,CAMP_3399,2025-01-10 04:24:40,False,
261,uheinz@example.org,Alicia,Leroux,paid_ads,CAMP_3146,2025-11-16 09:26:49,True,2025-11-22 22:38:47
262,christopher01@example.org,Corey,Solé,referral,CAMP_7050,2025-05-15 14:56:04,False,
263,vbriemer@example.net,Gotthold,Meyer,organic,CAMP_1857,2024-12-16 20:10:44,True,2025-01-14 07:07:50
264,schmidtkurt@example.com,Élisabeth,Perez,organic,CAMP_6444,2025-10-16 14:50:38,False,
265,hans-rudolfanders@example.com,Tristan,Pascual,email_campaign,CAMP_6104,2025-09-15 18:49:41,False,
266,patrick53@example.com,Suzanne,Lübs,organic,CAMP_8825,2025-10-03 10:29:25,True,2025-11-21 02:00:39
267,zlatkoernst@example.org,Ashley,Ditschlerin,paid_ads,CAMP_9746,2025-10-29 19:04:20,False,
268,bchretien@example.com,Sepp,Miller,referral,CAMP_7810,2024-12-31 06:29:56,False,
269,wagnerjeffrey@example.net,Loni,Langlois,email_campaign,CAMP_2246,2025-01-31 07:25:47,False,
270,arnulf65@example.com,Christelle,Franke,email_campaign,CAMP_5264,2025-04-02 07:44:56,False,
271,marcio09@example.net,Demetrio,Blanca,email_campaign,CAMP_3868,2025-06-19 10:29:03,False,
272,belenarranz@example.org,Carolina,Beer,referral,CAMP_4196,2025-07-30 00:18:00,True,2025-11-11 22:59:00
273,tellezteobaldo@example.org,Charles,Mcmahon,referral,CAMP_1711,2025-04-05 04:12:38,True,2025-06-15 20:56:23
274,batlleveronica@example.net,Jason,Binner,organic,CAMP_7195,2025-04-12 18:29:49,True,2025-05-23 02:45:51
275,jodimiller@example.org,Emmanuel,Bigot,paid_ads,CAMP_2332,2025-04-17 18:54:59,True,2025-10-24 10:10:34
276,eliseolluch@example.com,Fedor,Roberts,paid_ads,CAMP_3356,2025-11-18 00:38:54,True,2025-11-27 22:44:30
277,loefflerkarl-peter@example.org,Janet,Gilbert,referral,CAMP_5965,2025-02-10 22:31:12,False,
278,arnoldsteven@example.com,Alicia,Bayona,organic,CAMP_7741,2024-12-30 17:22:32,False,
279,danielhenry@example.net,Aitor,Humbert,organic,CAMP_3732,2025-03-12 02:44:57,True,2025-06-30 04:50:41
280,sanmartinleonel@example.org,Raphael,Grau,organic,CAMP_4681,2025-03-14 21:29:59,False,
281,iseguin@example.org,Shannon,Bonilla,referral,CAMP_6314,2024-11-29 18:39:54,False,
282,adan14@example.com,Joshua,Drub,organic,CAMP_5848,2025-01-25 11:04:36,False,
283,martine38@example.org,Christopher,Baron,referral,CAMP_1155,2025-03-10 09:23:23,True,2025-04-18 04:28:55
284,montoyadavid@example.com,Joseph,Eimer,paid_ads,CAMP_1493,2025-08-08 21:17:12,True,2025-11-18 02:19:15
285,djones@example.org,Iván,Hövel,email_campaign,CAMP_3158,2025-07-12 05:55:04,True,2025-07-29 16:38:15
286,misty51@example.net,Adrien,Preiß,organic,CAMP_1822,2025-11-06 14:27:34,False,
287,zhentschel@example.net,Emiliana,Young,paid_ads,CAMP_9661,2025-11-05 21:57:20,True,2025-11-06 12:22:40
288,remydupre@example.net,Raymond,Textor,organic,CAMP_7196,2025-06-20 21:49:18,True,2025-10-19 08:39:14
289,katharina10@example.net,Modesta,Henschel,referral,CAMP_2653,2025-06-18 20:35:11,True,2025-11-25 07:16:42
290,fosteryvonne@example.net,Helmuth,Kirk,referral,CAMP_4163,2025-05-16 11:39:54,False,
291,realpaca@example.net,Renee,Medina,referral,CAMP_5257,2024-12-27 00:03:33,False,
292,christophervaldez@example.com,Aimé,Mooney,email_campaign,CAMP_1504,2025-05-03 09:57:06,True,2025-07-02 05:11:02
293,ingrid03@example.org,Jacques,Rose,organic,CAMP_6364,2025-09-11 08:54:07,False,
294,lesteban@example.org,Anika,Roldan,referral,CAMP_9093,2025-02-04 05:56:31,False,
295,thomasjacquet@example.org,Danielle,Zapata,referral,CAMP_6263,2025-04-08 09:19:03,False,
296,juan-antonio80@example.net,Alois,Parsons,organic,CAMP_4865,2025-08-28 23:15:34,True,2025-09-11 00:34:05
297,seberth@example.net,Diethelm,Gonzalez,email_campaign,CAMP_1501,2025-03-31 02:24:52,True,2025-04-28 13:19:32
298,lorraineortiz@example.com,Brady,Ramón,referral,CAMP_3494,2025-10-18 20:02:31,False,
299,schulzandree@example.org,Narcisa,Herrmann,email_campaign,CAMP_5366,2025-08-30 04:27:00,False,
300,gayaanita@example.net,Goyo,Clayton,paid_ads,CAMP_6330,2025-01-28 06:45:02,False,
301,albino74@example.org,Soraya,Jacob,referral,CAMP_1605,2025-10-11 06:49:28,False,
302,alawrence@example.org,Cándida,Kelly,email_campaign,CAMP_8484,2024-12-26 22:57:35,True,2025-08-13 11:54:29
303,amaro33@example.net,Soledad,Fabre,organic,CAMP_8687,2025-07-13 12:43:27,True,2025-07-17 19:29:59
304,victor-manueldomenech@example.net,Larry,Viña,organic,CAMP_5146,2025-11-18 20:58:21,False,
305,tracey65@example.com,Gunther,Folch,referral,CAMP_6005,2024-12-22 17:25:01,False,
306,christopheda-costa@example.org,Amélie,Scheel,paid_ads,CAMP_1620,2025-08-28 13:08:29,True,2025-09-05 01:13:21
307,david97@example.org,Gail,Dupré,organic,CAMP_3246,2025-09-13 12:05:57,True,2025-10-21 05:05:19
308,quevedocalisto@example.org,Xavier,Seifert,email_campaign,CAMP_6467,2025-08-04 21:29:53,False,
309,cintiacanete@example.com,Senol,Molins,email_campaign,CAMP_9893,2025-07-24 01:18:16,False,
310,jordan71@example.org,Dalila,Salmon,paid_ads,CAMP_8711,2025-07-24 22:04:26,True,2025-08-13 15:30:48
311,ferreiraadelaide@example.net,Gilles,Murphy,referral,CAMP_3349,2025-08-27 23:51:55,True,2025-10-02 06:54:38
312,garywyatt@example.net,Ehrenfried,Page,referral,CAMP_4696,2024-12-02 12:25:06,False,
313,jungferantonino@example.net,Stephan,Washington,referral,CAMP_4816,2025-09-24 06:04:43,True,2025-10-07 04:42:00
314,penelopevalentin@example.com,Muharrem,Tanguy,paid_ads,CAMP_1093,2025-11-12 06:33:40,True,2025-11-27 22:38:48
315,josephmarchand@example.org,Dominga,Johnson,organic,CAMP_9146,2025-07-10 04:29:28,False,
316,zmiller@example.org,Blanca,Olivera,referral,CAMP_6291,2025-02-15 12:42:17,False,
317,rachelsantiago@example.com,Evi,Bates,organic,CAMP_9247,2025-02-05 01:26:15,False,
318,jeffwade@example.net,Erin,Mcpherson,referral,CAMP_8770,2025-02-24 00:55:47,False,
319,ciriacocaceres@example.net,Rodney,Da Costa,paid_ads,CAMP_7685,2024-12-25 00:48:40,False,
320,lcoste@example.org,Ignacio,Montesinos,email_campaign,CAMP_2706,2025-10-28 14:39:31,False,
321,nayaracorral@example.org,Alexandre,Santiago,paid_ads,CAMP_4353,2025-01-19 00:10:43,True,2025-07-14 06:30:26
322,fleroux@example.org,Delfina,Crespi,referral,CAMP_2210,2025-04-06 06:07:36,False,
323,vivianaperalta@example.com,Ronald,Gomez,paid_ads,CAMP_9384,2025-08-07 16:42:11,False,
324,jonathanalvarez@example.net,Michelle,Smith,paid_ads,CAMP_6261,2025-11-01 21:50:44,False,
325,doritbonbach@example.com,Sharon,Guyon,referral,CAMP_5114,2025-07-06 17:10:50,True,2025-07-13 20:06:14
326,angela02@example.com,Antonia,Christoph,referral,CAMP_9630,2025-02-28 03:35:02,False,
327,stephanvogt@example.com,Nazaret,Arnaud,referral,CAMP_2467,2025-08-07 20:59:39,True,2025-11-21 18:57:01
328,ngrondin@example.com,Rena,Fechner,email_campaign,CAMP_9433,2025-05-03 01:26:06,True,2025-10-02 17:15:07
329,michael13@example.org,Guiomar,Rojas,organic,CAMP_9626,2025-03-15 23:12:55,False,
330,zsanjuan@example.net,Albino,Shepherd,email_campaign,CAMP_9948,2025-06-20 18:11:56,True,2025-08-26 10:06:56
331,patbergmarika@example.net,Théophile,Pi,organic,CAMP_7315,2025-08-06 08:16:32,False,
332,nfliegner@example.org,Clemens,Vincent,paid_ads,CAMP_2185,2025-04-28 21:23:25,True,2025-05-28 17:32:41
333,cordierguy@example.org,Lydia,Mitschke,email_campaign,CAMP_9724,2025-06-24 18:01:57,True,2025-11-12 22:50:12
334,loller@example.net,Gina,Jaén,email_campaign,CAMP_2152,2025-01-02 22:37:14,True,2025-02-07 04:20:34
335,jeromeguyot@example.org,Dorita,Gunpf,paid_ads,CAMP_6190,2025-08-15 14:17:40,False,
336,crescencia17@example.com,Leonardo,Voisin,referral,CAMP_2869,2025-11-27 12:36:17,True,2025-11-27 21:51:16
337,freemancalvin@example.net,Patricia,Arias,paid_ads,CAMP_9410,2025-04-12 07:29:09,False,
338,rafa00@example.net,Milagros,Sparks,referral,CAMP_2002,2025-05-20 09:13:01,True,2025-06-03 01:43:54
339,pjensen@example.net,Diego,Mohaupt,organic,CAMP_1367,2025-06-26 02:48:50,True,2025-10-11 09:57:43
340,martine29@example.net,Tomás,Mary,organic,CAMP_2078,2025-06-01 19:08:58,False,
341,wwilson@example.org,Bryan,Mckee,email_campaign,CAMP_6552,2025-02-25 01:52:38,True,2025-10-31 19:41:57
342,aimee83@example.net,Blake,Junk,email_campaign,CAMP_2433,2025-07-13 13:45:42,False,
343,phillipbuck@example.com,Robert,Albers,referral,CAMP_1662,2025-05-18 21:43:27,False,
344,cabanassilvia@example.com,Henriette,Karz,referral,CAMP_3233,2025-05-16 01:23:47,False,
345,iborraobdulia@example.org,Laure,Girona,paid_ads,CAMP_8678,2025-05-27 02:30:08,False,
346,mbouchet@example.org,Benito,King,paid_ads,CAMP_6974,2024-12-19 18:24:52,True,2025-06-16 06:45:03
347,fkranz@example.com,Marcio,Pedrosa,referral,CAMP_9673,2025-01-16 01:06:53,False,
348,jacqueline53@example.org,Kilian,Morán,email_campaign,CAMP_4755,2025-03-04 02:02:55,True,2025-05-13 15:43:09
349,susan09@example.org,Lisa,Spieß,referral,CAMP_2349,2025-01-10 03:24:00,True,2025-07-06 13:47:24
350,brewercynthia@example.net,Matthew,Powell,email_campaign,CAMP_4709,2024-11-28 22:30:20,True,2025-07-06 05:40:37
351,nicolemcgee@example.com,Audrey,Niemeier,organic,CAMP_7407,2024-12-04 05:29:52,True,2025-10-07 04:26:43
352,nelsonjohn@example.org,Micaela,Ramirez,email_campaign,CAMP_9142,2025-01-09 04:00:06,False,
353,gomezlina@example.net,Michael,Ramos,organic,CAMP_6516,2024-12-28 08:53:23,True,2025-03-23 04:56:29
354,kyle49@example.com,Véronique,Barkholz,email_campaign,CAMP_2197,2024-12-11 21:33:10,True,2025-10-01 00:14:20
355,walburga05@example.com,Yaiza,May,referral,CAMP_2723,2025-10-27 13:27:30,False,
356,ogillet@example.com,Martin,Toussaint,referral,CAMP_4834,2025-06-07 02:32:17,True,2025-09-28 11:26:06
357,lisandro35@example.org,Sarita,Montaña,email_campaign,CAMP_1494,2025-04-21 20:04:44,False,
358,coreyburke@example.org,Alix,Nerger,email_campaign,CAMP_6379,2025-09-06 17:59:02,False,
359,jenny62@example.com,Guy,Niemeier,paid_ads,CAMP_9202,2025-10-21 10:12:11,False,
360,amanda33@example.net,Britta,Bouvet,email_campaign,CAMP_8413,2025-10-09 21:20:21,True,2025-10-27 09:54:02
361,nataschaschuchhardt@example.com,Mauricio,Salmon,organic,CAMP_1012,2025-07-28 03:44:23,True,2025-10-22 17:47:20
362,adolfbarth@example.com,René,Bonnin,organic,CAMP_5290,2025-11-10 08:19:17,False,
363,pmorcillo@example.net,Tony,Asensio,referral,CAMP_1013,2025-02-09 04:45:01,True,2025-02-09 09:58:06
364,glacombe@example.org,Beatrix,Gelabert,paid_ads,CAMP_4260,2025-07-18 20:31:11,False,
365,poulainthierry@example.org,Brianna,Diaz,referral,CAMP_1158,2025-08-06 09:39:16,False,
366,josette54@example.org,Debra,Berrocal,email_campaign,CAMP_5590,2025-03-23 17:49:38,False,
367,sanchezlaura@example.com,Concha,Heintze,organic,CAMP_5964,2025-06-07 07:55:10,True,2025-07-29 19:36:28
368,martinaprado@example.com,Jennifer,Roger,paid_ads,CAMP_6202,2025-02-03 22:50:32,False,
369,carterlindsey@example.com,Isaías,Gay,referral,CAMP_2828,2025-07-19 03:53:58,True,2025-08-30 21:51:50
370,rnaranjo@example.org,Joséphine,Novoa,paid_ads,CAMP_1651,2025-05-16 05:18:55,True,2025-08-08 20:40:48
371,zlaunay@example.org,Michèle,Meunier,referral,CAMP_6512,2025-09-09 21:10:51,False,
372,mansdelia@example.com,Martha,Davenport,email_campaign,CAMP_8162,2025-07-13 03:12:10,True,2025-07-15 20:29:35
373,michele14@example.org,Annedore,Amat,email_campaign,CAMP_4612,2024-11-29 02:30:56,True,2025-02-11 05:19:35
374,danny54@example.org,Marcel,Cervantes,referral,CAMP_6547,2025-07-11 15:12:20,False,
375,steuermurat@example.net,Klaas,Soto,organic,CAMP_8008,2025-04-06 00:46:14,True,2025-04-28 23:26:22
376,trilloesmeralda@example.org,Annette,Gilmore,organic,CAMP_8671,2025-10-22 06:46:34,False,
377,manuelhernandez@example.net,Pénélope,Gute,referral,CAMP_1227,2025-06-21 16:41:20,True,2025-09-24 04:34:09
378,peukertmanuela@example.net,Ashlee,Robert,referral,CAMP_1568,2025-02-06 08:32:51,False,
379,dhoffman@example.net,Francis,Serrano,email_campaign,CAMP_6827,2025-06-22 21:05:17,True,2025-09-08 00:25:13
380,cecile39@example.net,Dimas,Vives,organic,CAMP_3807,2025-07-22 22:49:38,True,2025-11-15 00:09:01
381,vbien@example.net,Bernabé,Malo,referral,CAMP_2268,2025-10-15 23:27:25,True,2025-10-25 14:14:40
382,colin47@example.org,Denise,Charrier,paid_ads,CAMP_2103,2025-01-17 01:02:14,True,2025-05-16 12:04:35
383,eufemia44@example.com,Edu,Schleich,organic,CAMP_8305,2024-12-23 13:00:01,True,2025-07-27 14:40:00
384,jgiess@example.org,Tiburcio,Gerlach,paid_ads,CAMP_6953,2025-11-04 10:16:38,True,2025-11-27 05:55:57
385,vsteele@example.net,Stacy,Tanguy,email_campaign,CAMP_8552,2025-01-03 17:25:58,True,2025-08-03 17:13:23
386,frederiquepichon@example.org,Odalys,Guichard,paid_ads,CAMP_5864,2025-03-14 18:21:29,False,
387,cobosnereida@example.net,Ashley,Zänker,referral,CAMP_9038,2025-11-23 10:53:37,True,2025-11-26 09:14:46
388,harlofflieschen@example.org,Julie,Ávila,organic,CAMP_4610,2025-10-28 11:43:35,False,
389,vescamilla@example.com,Christina,Santiago,referral,CAMP_9357,2025-06-05 15:42:42,False,
390,ovidio91@example.com,Ignacio,Bru,email_campaign,CAMP_4529,2025-01-13 05:47:39,True,2025-01-22 23:33:08
391,barbierroland@example.org,Candelaria,Kreusel,email_campaign,CAMP_8626,2025-05-13 08:56:59,False,
392,martin58@example.net,Kristina,Hornich,email_campaign,CAMP_9053,2025-01-24 22:37:02,False,
393,marguerite16@example.com,Martine,Pärtzelt,referral,CAMP_1803,2025-06-04 13:57:10,False,
394,juarezjacob@example.com,Brígida,Chevallier,organic,CAMP_4636,2025-01-08 14:13:52,True,2025-10-08 12:59:56
395,tfaure@example.org,Roger,Koch II,referral,CAMP_1011,2025-06-16 10:19:32,True,2025-08-26 18:29:22
396,taylorvelazquez@example.org,Manon,Textor,paid_ads,CAMP_5597,2025-05-13 18:09:54,True,2025-06-18 11:00:25
397,raumann@example.org,Linda,Pottier,referral,CAMP_8229,2025-11-24 05:06:18,True,2025-11-25 01:04:07
398,arjonaluna@example.net,Brianna,Täsche,email_campaign,CAMP_3890,2025-04-11 06:27:14,True,2025-11-06 17:12:22
399,adriana90@example.net,Gabino,Reynaud,paid_ads,CAMP_8917,2025-06-19 16:33:13,False,
400,huberteric@example.org,Hinrich,Auger,email_campaign,CAMP_4062,2025-04-17 21:49:52,False,
401,etienne58@example.net,Kimberly,Reichmann,paid_ads,CAMP_3648,2025-07-20 16:49:46,False,
402,gmarchand@example.net,Joseph,Loos,email_campaign,CAMP_9189,2025-03-04 03:26:21,True,2025-04-14 22:35:33
403,gunpfehrenfried@example.org,Dionisia,Pärtzelt,email_campaign,CAMP_1878,2025-10-02 00:26:15,False,
404,aplaza@example.com,Holger,Meyer,email_campaign,CAMP_2085,2025-10-26 23:34:59,False,
405,gbuchholz@example.net,Diane,Caspar,referral,CAMP_4232,2025-06-29 07:35:26,False,
406,bgirona@example.net,Vitus,Fortuny,email_campaign,CAMP_2397,2025-08-17 17:38:51,False,
407,ullmannamanda@example.com,Mario,Alcalá,paid_ads,CAMP_3182,2025-11-19 07:57:34,True,2025-11-21 20:52:46
408,stephanietran@example.org,Nathalie,Heinrich,paid_ads,CAMP_3415,2025-01-06 08:40:55,False,
409,laustin@example.net,Daniel,Jourdan,paid_ads,CAMP_8999,2025-08-24 20:58:15,True,2025-09-19 20:03:49
410,eclerc@example.org,Leonore,Caspar,paid_ads,CAMP_3106,2025-03-25 15:12:28,True,2025-11-12 18:47:56
411,begonamesa@example.com,Günter,Evrard,paid_ads,CAMP_1856,2025-06-27 03:14:58,True,2025-11-06 01:02:51
412,thibaut53@example.com,Eric,Long,organic,CAMP_9825,2025-01-23 21:33:01,False,
413,craig72@example.net,Nico,Leroy,paid_ads,CAMP_3949,2025-06-04 16:00:38,False,
414,rosa-mariasantos@example.org,Cristina,Bernier,organic,CAMP_8186,2025-01-06 14:34:37,False,
415,drewesfatih@example.org,Philippe,Matas,referral,CAMP_9598,2025-09-16 18:15:57,True,2025-10-23 06:33:45
416,eugen05@example.org,Rosel,Gnatz,paid_ads,CAMP_1009,2025-01-16 02:10:42,False,
417,hedwigneureuther@example.org,Luc,Frutos,organic,CAMP_4375,2025-02-23 20:09:44,False,
418,rpalomo@example.com,Heather,Walsh,paid_ads,CAMP_6136,2025-06-13 02:59:01,False,
419,trappcarmine@example.net,Emmanuel,Riou,organic,CAMP_8471,2025-06-30 07:38:37,True,2025-10-06 20:17:20
420,guentherrose@example.net,Rebecca,Scott,paid_ads,CAMP_8996,2025-03-21 05:13:32,False,
421,royoramon@example.net,Zoé,Pelletier,paid_ads,CAMP_3889,2025-11-12 23:44:25,False,
422,jerome20@example.net,Alexandros,Geißler,paid_ads,CAMP_6161,2025-05-10 10:02:12,False,
423,alexandriawilson@example.net,Katie,Krebs,referral,CAMP_6404,2025-06-12 14:00:06,True,2025-07-17 02:57:07
424,beckycruz@example.net,Karl-Hans,Taylor,paid_ads,CAMP_9714,2025-08-04 09:44:58,False,
425,reimar62@example.net,Natividad,Menard,email_campaign,CAMP_1092,2024-12-20 13:18:01,True,2025-04-14 13:00:10
426,michaudedouard@example.com,Catherine,Pottier,paid_ads,CAMP_6244,2025-01-17 04:31:43,False,
427,ustiffel@example.org,Swen,Guijarro,paid_ads,CAMP_7228,2025-02-24 07:07:07,True,2025-09-29 20:40:19
428,doerthescholl@example.com,Louise,Schuster,email_campaign,CAMP_4631,2025-02-07 03:36:42,True,2025-08-18 14:50:57
429,berrysamuel@example.com,Cirino,West,email_campaign,CAMP_1196,2025-07-30 20:16:42,True,2025-09-29 20:33:25
430,cruzemelina@example.com,Hartwig,Gillet,referral,CAMP_2565,2025-08-13 12:03:39,False,
431,fustersol@example.org,Sedat,Valentin,paid_ads,CAMP_9551,2024-12-20 22:49:56,False,
432,arocaasdrubal@example.net,Élisabeth,Roskoth,referral,CAMP_6097,2025-07-26 14:54:46,False,
433,fabiennemetz@example.net,Lola,Teixeira,referral,CAMP_9472,2025-09-30 05:27:43,True,2025-11-17 00:52:41
434,ebouvier@example.net,Elisa,Gilles,email_campaign,CAMP_9057,2025-03-30 10:14:26,False,
435,weinhagedino@example.org,Joseph,Zirme,email_campaign,CAMP_1995,2025-08-21 16:10:56,False,
436,bjourdan@example.net,Kevin,De Sousa,referral,CAMP_6032,2025-10-11 12:59:03,False,
437,anita68@example.net,Luka,Jackson,email_campaign,CAMP_4196,2025-04-17 12:59:29,False,
438,melissa55@example.org,Renata,Antón,referral,CAMP_3825,2025-06-15 21:02:58,False,
439,irenecarbonell@example.org,Hans-Josef,Saavedra,referral,CAMP_7760,2025-03-26 21:09:49,False,
440,eileenmiller@example.com,Luis Ángel,Daniel,paid_ads,CAMP_2972,2025-06-24 06:56:57,False,
441,vicentanunez@example.com,Marcial,Moore,organic,CAMP_8678,2025-03-26 00:30:34,False,
442,millanmaria-del-carmen@example.com,Juan Manuel,Gehringer,paid_ads,CAMP_6942,2025-03-09 09:50:23,False,
443,gabriel54@example.net,Ricardo,Sauer,paid_ads,CAMP_3591,2025-06-18 03:38:16,False,
444,ponceciriaco@example.com,Arnaude,Krause,email_campaign,CAMP_6589,2025-04-13 00:29:03,True,2025-08-23 18:29:15
445,apolloniaweimer@example.com,Nath,Tintzmann,email_campaign,CAMP_1906,2025-08-20 03:26:10,False,
446,diane56@example.org,Merche,Allard,email_campaign,CAMP_2330,2025-03-04 23:57:43,True,2025-07-14 05:27:08
447,ferrerogeorgina@example.net,Lalo,Weitzel,referral,CAMP_8737,2025-09-25 15:20:52,True,2025-10-30 01:50:30
448,edda64@example.org,Hilario,Auger,referral,CAMP_1511,2025-04-16 22:28:45,True,2025-10-29 13:28:55
449,tsalinas@example.org,Dorle,Brown,referral,CAMP_7145,2024-12-08 02:11:17,False,
450,mitchelllawrence@example.net,Felisa,Dörschner,paid_ads,CAMP_8498,2025-04-01 15:36:58,True,2025-04-27 18:15:35
451,elsa15@example.org,Tomasa,Calzada,email_campaign,CAMP_9809,2025-02-14 12:16:04,False,
452,davidpatton@example.org,Judy,Belda,referral,CAMP_2181,2025-02-16 14:41:34,False,
453,klaus-peterkoch-ii@example.org,Nicole,Bernal,email_campaign,CAMP_6209,2025-03-18 12:58:30,True,2025-04-11 17:10:06
454,skraus@example.com,Jeannine,Dörschner,referral,CAMP_5596,2025-11-20 18:23:08,False,
455,yortiz@example.net,Christiane,Lacroix,organic,CAMP_9125,2024-11-29 18:58:36,False,
456,hruiz@example.net,Sylvie,Henk,email_campaign,CAMP_6406,2025-06-18 11:39:12,True,2025-10-08 22:15:52
457,edgarmuehle@example.com,Aneta,Fiebig,paid_ads,CAMP_6838,2025-11-23 09:36:16,True,2025-11-26 07:52:25
458,josephbarbe@example.org,Mark,Márquez,paid_ads,CAMP_9077,2025-01-26 20:28:10,False,
459,wesackistvan@example.org,Bertha,Misicher,email_campaign,CAMP_1554,2025-07-06 04:15:13,True,2025-11-12 23:47:00
460,rrivera@example.com,Constance,Lejeune,referral,CAMP_2511,2025-09-24 20:31:54,False,
461,piepersigrid@example.net,Ewald,Carreras,paid_ads,CAMP_1585,2025-01-20 02:15:32,False,
462,eusebiataboada@example.com,Lotti,Nelson,email_campaign,CAMP_5643,2025-05-25 21:41:31,False,
463,elizabethlee@example.org,Kristen,Sexton,email_campaign,CAMP_6592,2025-05-30 01:17:55,False,
464,annette32@example.com,Molly,Paffrath,email_campaign,CAMP_9488,2025-09-10 08:03:54,True,2025-10-14 16:10:55
465,tonibustamante@example.com,Azahara,Lindau,organic,CAMP_5343,2025-02-10 06:56:03,False,
466,williamscraig@example.org,Paul,Sanchez,organic,CAMP_2751,2025-08-24 07:37:11,True,2025-09-21 08:45:30
467,hartwighoevel@example.net,Severo,Ruppert,paid_ads,CAMP_5636,2025-06-28 13:49:03,False,
468,guerreroana@example.net,Angelita,Lecomte,email_campaign,CAMP_5458,2025-11-02 07:56:54,False,
469,groerricht@example.net,Dorothée,Quesada,paid_ads,CAMP_7547,2025-05-19 23:22:10,False,
470,cseguin@example.org,Margaud,Stiffel,organic,CAMP_6514,2025-01-07 09:47:50,True,2025-11-13 13:24:28
471,ymarco@example.org,Kathryn,Chauveau,referral,CAMP_3657,2025-01-16 12:36:11,True,2025-04-03 09:54:12
472,heatherhoward@example.net,Rosario,Chrétien,paid_ads,CAMP_9789,2025-10-12 15:02:19,False,
473,bonillajames@example.com,Eutropio,Chandler,paid_ads,CAMP_8482,2025-07-24 06:09:55,False,
474,cpatberg@example.net,Marcella,Bähr,organic,CAMP_8086,2025-05-24 11:24:38,True,2025-11-26 06:00:25
475,monica23@example.org,Jeffrey,Bègue,organic,CAMP_9015,2025-11-14 14:50:59,True,2025-11-19 10:24:39
476,ldavis@example.com,Wiebke,Torrijos,referral,CAMP_6613,2025-03-30 13:43:23,True,2025-10-09 22:54:58
477,natalijabinner@example.com,Maggie,Palomares,referral,CAMP_7820,2025-03-31 06:04:27,False,
478,escheel@example.net,Matilde,Harper,organic,CAMP_7588,2025-01-30 04:41:12,True,2025-11-14 02:20:38
479,tpittman@example.com,Annette,Vasseur,organic,CAMP_6334,2025-08-06 04:29:40,False,
480,evrardpenelope@example.org,Tyler,Camps,paid_ads,CAMP_9887,2025-01-18 07:03:59,False,
481,fmelendez@example.com,Brandon,Linke,paid_ads,CAMP_2281,2025-01-28 06:01:34,True,2025-09-06 19:16:03
482,anthony70@example.net,Hans-Jochen,Herrero,organic,CAMP_5352,2025-06-18 19:52:11,False,
483,pschmidtke@example.org,Emily,Neira,email_campaign,CAMP_8861,2025-11-02 07:10:29,False,
484,graufortunato@example.com,Swantje,Brock,referral,CAMP_4826,2025-07-24 23:47:25,True,2025-09-03 01:36:20
485,annette21@example.com,Gilles,Rohleder,email_campaign,CAMP_8045,2025-03-14 22:50:20,False,
486,karzconny@example.net,Marie-Luise,Schäfer,paid_ads,CAMP_8828,2025-03-04 18:39:24,True,2025-08-04 09:00:47
487,dominguezalba@example.org,Helen,Figueras,referral,CAMP_6181,2024-12-02 15:38:52,False,
488,anthonyjohnson@example.com,Nath,Medina,paid_ads,CAMP_7856,2025-03-21 02:46:06,True,2025-08-28 22:56:11
489,diasdanielle@example.org,Maria-Luise,Nicolau,email_campaign,CAMP_8031,2025-07-04 05:41:49,True,2025-10-19 02:14:34
490,chretiennicole@example.org,Odette,Catalá,referral,CAMP_7680,2025-04-28 15:20:45,False,
491,aitor05@example.com,Kathleen,Kobelt,referral,CAMP_2190,2025-07-18 06:22:50,True,2025-08-17 00:24:25
492,dillonlindsey@example.net,Louis,Underwood,organic,CAMP_5046,2025-02-14 19:36:43,False,
493,jdelaunay@example.com,William,Vaillant,paid_ads,CAMP_2159,2025-01-27 00:20:07,False,
494,ledouxadrien@example.org,Reyes,Ochoa,email_campaign,CAMP_6267,2024-12-05 12:10:04,True,2025-11-16 22:40:36
495,edgardo79@example.org,Luce,Patiño,paid_ads,CAMP_2895,2025-07-25 23:26:12,True,2025-08-17 06:50:59
496,virgilio49@example.net,Françoise,Potier,organic,CAMP_3863,2025-05-05 19:34:10,False,
497,udavies@example.com,Aarón,Moore,organic,CAMP_2506,2025-07-05 22:40:15,False,
498,marcialaguilera@example.com,Melissa,Schomber,organic,CAMP_2668,2024-12-18 20:53:27,True,2025-04-18 08:40:20
499,hubertusmargraf@example.com,Sharon,Cuevas,referral,CAMP_4807,2025-09-29 20:59:32,False,
500,fortunataramirez@example.net,Clotilde,Gertz,organic,CAMP_2952,2025-10-12 12:04:50,True,2025-11-06 10:12:00
