id,merchant_id,name,description,category,price,stock_quantity,created_at,updated_at
1,36,Down-sized human-resource approach,"Allow money report. Eye enough today source.
The thing money sign certainly.
Such table style suddenly police catch. Sit how research table together.",Books,147.7,163,2025-06-23 11:05:29,2025-11-28 08:07:39.368875
2,16,Seamless eco-centric contingency,Style kind town parent voice. Admit laugh green baby.,Electronics,325.42,41,2025-05-28 23:29:39,2025-11-28 08:07:39.369873
3,53,Le pouvoir de changer naturellement,"Expresión industria ciento educación. Llama amor don vez.
Nombre televisión guerra dado modo. Región américa papel cuales viaje características.",Books,317.36,600,2025-07-23 22:57:52,2025-11-28 08:07:39.369873
4,14,Cross-group next generation neural-net,State to would news particularly sell. Base push really star before type. Early reflect source product.,Toys,182.27,50,2025-07-30 19:24:08,2025-11-28 08:07:39.369873
5,41,Stand-alone well-modulated task-force,Sache Apfel ob unten weit kurz fragen. Nur leicht Wasser wollen da braun. Klein Sonntag Eis.,Electronics,423.7,656,2025-07-20 03:39:19,2025-11-28 08:07:39.370874
6,81,User-friendly discrete product,"Courant président charger.
Être briser tant soit. Satisfaire quant à fruit rouler pourtant. Habitude compagnie de.",Books,419.08,329,2025-01-11 20:37:43,2025-11-28 08:07:39.370874
7,83,Organized modular ability,Dabei Boden dürfen rot glauben. Wenn damit fast bis Sonne wie überall. Fahrrad aber Zeitung.,Sports,441.77,662,2025-03-17 22:49:43,2025-11-28 08:07:39.370874
8,61,Configurable secondary initiative,Zum heraus fallen aus Klasse Lehrerin Arzt. Den kein Junge Papa zu Vogel fangen. Kurz rennen See weiß.,Toys,174.15,769,2024-12-25 02:35:56,2025-11-28 08:07:39.370874
9,25,Front-line tangible matrices,Retenir roi appartenir fatigue. Honte naissance tout nerveux attaquer cher. Où santé particulier sens plusieurs.,Home,429.13,806,2025-07-19 07:56:41,2025-11-28 08:07:39.370874
10,61,Public-key contextually-based infrastructure,Conseil mêler selon ruine souvenir paraître. Bien mais acheter discussion gauche preuve.,Sports,296.99,505,2025-07-02 21:18:05,2025-11-28 08:07:39.371871
11,40,Exclusive uniform workforce,This treat quite business box per. Guy common either about production growth. Late their those close popular top. Door picture practice.,Sports,204.07,218,2025-06-20 04:43:43,2025-11-28 08:07:39.371871
12,38,Polarized mission-critical service-desk,Auteur expliquer importer défendre ramener calme essayer. Feuille ressembler toujours.,Sports,366.85,258,2025-07-08 02:55:04,2025-11-28 08:07:39.371871
13,94,Le plaisir d'atteindre vos buts en toute tranquilité,"Contrario diversas fútbol muchas. Tanto pública atención ahora a cuales a.
Energía marco proyecto prensa arriba veces tengo. Entrada ley políticos.",Fashion,79.51,673,2025-10-13 03:10:21,2025-11-28 08:07:39.372871
14,72,Total zero tolerance toolset,"Endroit fier appartement ordre.
Neuf leur bande étroit danser. Coûter sur siècle passé. Éclat tête court précis garde aussitôt.",Books,149.23,966,2025-08-01 13:52:33,2025-11-28 08:07:39.372871
15,87,Decentralized impactful encoding,"Éviter ça étude oreille rapport rassurer amour.
Horizon perte remonter commencement parfaitement. Objet prier conseil baisser suite.",Toys,116.58,538,2025-11-25 02:44:46,2025-11-28 08:07:39.372871
16,92,Sharable multi-state conglomeration,Mother little third author art bed open. Each standard air body property.,Beauty,249.01,686,2025-02-19 03:29:23,2025-11-28 08:07:39.373874
17,41,Compatible user-facing moderator,Vom Himmel Jahr Ding reiten natürlich Weihnachten. Vor erschrecken wie fallen zurück.,Home,341.0,269,2025-02-21 18:15:13,2025-11-28 08:07:39.373874
18,32,Focused incremental leverage,Natural primero europea yo piel. Aunque miguel llama mercado familia familia respecto tratamiento. Comunicación historia mañana lejos va cabo ayer.,Sports,262.97,971,2024-12-20 15:25:04,2025-11-28 08:07:39.373874
19,15,Cross-group encompassing concept,"Tragen Zeitung Luft. Nimmt anfangen kein Wissen.
Minute Papa ins. Krank voll sieben. Sieben versuchen ihn schlecht die Hund Licht einfach.",Electronics,356.82,901,2025-05-17 08:09:34,2025-11-28 08:07:39.373874
20,33,L'avantage d'évoluer à sa source,Buena boca otro sus realizar. Santa sol especie buena niños ciudad. En capacidad luz económica ningún. Tipo mayores buena quienes.,Beauty,334.23,112,2025-05-30 07:08:56,2025-11-28 08:07:39.373874
21,19,Switchable global functionalities,Ende tun Boden sagen Kind Finger. Langsam nur bekommen arbeiten.,Sports,32.69,697,2024-12-17 02:42:59,2025-11-28 08:07:39.374872
22,48,Intuitive coherent help-desk,Toit bleu rare ce roi très. Pointe d'autres demande calme découvrir depuis.,Home,115.39,300,2025-07-21 08:12:46,2025-11-28 08:07:39.374872
23,41,Devolved high-level benchmark,Beißen los Affe durch. Machen später ihr wirklich. Glück kam Herr Geld stellen er. Beim sein groß Wissen Hand hoch.,Sports,18.5,394,2024-12-03 18:53:27,2025-11-28 08:07:39.374872
24,90,Self-enabling holistic protocol,Cell sound budget partner gun. Truth card traditional dinner. Movement thousand effect live.,Beauty,66.05,108,2025-05-07 19:39:05,2025-11-28 08:07:39.374872
25,79,Le droit d'évoluer en toute tranquilité,Long bord plaindre respirer pourquoi but. Ton émotion bataille milieu haine appeler. Personne charge crier début effort livrer souhaiter.,Electronics,161.69,687,2025-08-02 10:46:14,2025-11-28 08:07:39.375870
26,37,Future-proofed regional array,Jefe diario forma consumo francia minutos. Civil arriba hace septiembre.,Fashion,344.47,149,2024-11-29 23:46:26,2025-11-28 08:07:39.375870
27,76,Optimized 6thgeneration algorithm,Ojos especial suerte méxico civil reforma. Abril piel dan por sigue tan. Tenía reforma habría hospital o grandes busca.,Sports,383.81,126,2025-05-17 04:17:28,2025-11-28 08:07:39.375870
28,19,Integrated zero administration implementation,Sechs zum Meer grün Finger. Nichts rennen zurück es gerade. Luft ins fressen früh.,Electronics,425.43,797,2025-06-18 16:06:01,2025-11-28 08:07:39.375870
29,35,Le plaisir d'avancer autrement,Millones profesional lejos allá las amigo seguro.,Electronics,139.7,258,2025-01-29 19:45:36,2025-11-28 08:07:39.376873
30,35,Profound client-driven system engine,"Other accept send hotel quite might next. No five late plant like result.
Glass politics senior investment.",Electronics,35.43,961,2024-12-13 03:23:44,2025-11-28 08:07:39.376873
31,28,Le pouvoir d'innover plus rapidement,Fier autour faible contenir demain devant sûr où. Maison accrocher devoir cinquante. Partie conclure puisque herbe devant regretter groupe manger.,Beauty,376.4,134,2024-11-28 13:25:39,2025-11-28 08:07:39.376873
32,50,Le plaisir de louer plus rapidement,Citizen weight store science discuss above treat. Admit crime be its.,Fashion,41.58,847,2025-10-01 12:47:42,2025-11-28 08:07:39.376873
33,13,Total dynamic superstructure,Mama gibt ohne Arzt Luft. Fröhlich Frau traurig Wasser beim gehören. Sitzen sehr bis vier rufen schlimm.,Books,470.13,396,2025-08-11 13:47:28,2025-11-28 08:07:39.377871
34,90,Multi-lateral human-resource portal,Polizei bis leben Weihnachten helfen.,Electronics,347.25,481,2025-06-06 10:32:40,2025-11-28 08:07:39.377871
35,86,Intuitive holistic middleware,Liegen zeigen Weg mit nimmt. Alt holen ich Zeitung.,Toys,134.64,512,2025-03-14 13:00:18,2025-11-28 08:07:39.377871
36,53,Team-oriented tangible infrastructure,Put crime them dog management method. Approach central others food go young.,Books,39.37,690,2025-01-14 00:22:41,2025-11-28 08:07:39.377871
37,8,La possibilité de concrétiser vos projets plus rapidement,Small idea answer career special. Defense my your catch all sound miss. Region evening share sister. Stuff Congress later fly.,Electronics,197.34,642,2025-10-05 23:39:57,2025-11-28 08:07:39.377871
76,70,Diverse client-driven throughput,Époque maison rayon agir recueillir saint.,Electronics,379.95,925,2025-10-28 13:06:26,2025-11-28 08:07:39.392894
38,99,Le plaisir de rouler en toute tranquilité,Wiese was heißen wissen das Straße zwischen. Tun ganz Glas Mädchen. Ob werden Hunger Stadt Kind wirklich Apfel.,Home,328.65,550,2025-02-08 15:28:09,2025-11-28 08:07:39.378870
39,65,Configurable foreground instruction set,Determine evening approach per. Sort cultural consumer order.,Home,482.82,263,2025-02-12 10:31:37,2025-11-28 08:07:39.378870
40,3,Le pouvoir d'évoluer autrement,Fusil rue travers immobile visite carte réserver. Important achever précis violent.,Fashion,316.52,27,2025-01-25 19:52:51,2025-11-28 08:07:39.378870
41,82,Compatible national emulation,"Sean victoria pero una. Sectores ley internacional hijo se contra tanto.
Habrá hijos hija durante presidente cuadro proceso. Mí pudo media día.",Sports,443.65,420,2025-01-13 07:14:25,2025-11-28 08:07:39.379870
42,50,Adaptive upward-trending hardware,Sigue u siguiente respuesta noche primera. Valor seguir alguna volvió era segundo decisión. Líder causa estudio llega club.,Beauty,495.72,480,2025-04-07 12:58:44,2025-11-28 08:07:39.379870
43,46,Upgradable bi-directional definition,Saint feuille arme puis. Accrocher début heure nuit céder rejoindre. Cri malheur souffler.,Toys,196.83,967,2025-10-22 09:48:09,2025-11-28 08:07:39.379870
44,81,La possibilité de louer sans soucis,Métier au coup fleur absolu. Plonger diriger ancien troubler cheval officier françois.,Toys,477.15,320,2025-09-12 18:00:05,2025-11-28 08:07:39.379870
45,13,De-engineered composite task-force,Rechnen stark stellen fahren gefährlich schlafen. Heißen über Schwester dürfen unser. Hilfe Zimmer ließ wenig nimmt Straße gern stehen.,Books,113.09,598,2025-01-23 01:15:42,2025-11-28 08:07:39.379870
46,3,User-friendly 6thgeneration benchmark,Nez animer père rôle. Hésiter annoncer sourire enfant voix demeurer sentiment. Rôle avant dans raconter roche pareil.,Beauty,100.77,920,2025-11-01 22:51:15,2025-11-28 08:07:39.380873
47,100,Virtual dynamic function,Comment selon engager tourner. Peine remarquer fauteuil résistance objet vaste.,Toys,20.8,57,2025-10-04 15:50:20,2025-11-28 08:07:39.380873
48,80,Persevering homogeneous orchestration,So auch neun sagen. In turnen alt ohne.,Beauty,10.89,481,2025-11-18 04:01:37,2025-11-28 08:07:39.380873
49,47,Reduced clear-thinking portal,Coin tuer sentier dent terre valeur. Silencieux beau remplacer étroit attirer. Animal image difficile santé écrire donner réveiller siècle.,Beauty,351.75,34,2025-10-25 07:35:09,2025-11-28 08:07:39.380873
50,14,Centralized bandwidth-monitored portal,Dirección sus garcía allá persona título. Deja control campaña actual hablar dan. Profesional comenzó zonas punto.,Home,330.43,417,2025-06-08 08:50:50,2025-11-28 08:07:39.381871
51,39,Networked real-time knowledgebase,Wird lassen von lange. Polizei her Brot. Verstecken singen Hund schlagen. Bauer erklären halten stehen oder dir Finger.,Sports,93.23,32,2025-04-16 09:46:23,2025-11-28 08:07:39.382872
52,27,Profit-focused eco-centric portal,Different letter defense life. Sport meeting responsibility choice education stuff. Drive agent manage entire quite model start.,Beauty,147.99,302,2025-09-06 15:58:52,2025-11-28 08:07:39.383875
53,55,Right-sized holistic customer loyalty,First law politics pay. Down effort bill study choose several.,Toys,246.46,987,2025-03-25 02:01:32,2025-11-28 08:07:39.383875
54,70,La liberté d'avancer à la pointe,"Warten nur grün. Hunger wissen deshalb Monat.
Besser baden Maus Leute durch. Zum Jahr laut das. Buch fahren ließ hängen fragen Zeitung.",Fashion,472.3,138,2025-11-25 18:10:33,2025-11-28 08:07:39.384879
55,64,Re-contextualized coherent core,Necesidad elecciones madre pero. Memoria dicen somos condiciones primero fuera del. Varias américa tan niños.,Books,416.67,185,2025-01-19 14:03:15,2025-11-28 08:07:39.384879
56,51,L'avantage d'évoluer à l'état pur,Lumière table étaler consulter exister petit tôt. Second mine rentrer comment.,Fashion,446.2,689,2025-08-24 13:09:25,2025-11-28 08:07:39.384879
57,78,Realigned encompassing support,Finally should thousand no meet. Tend bring go hear conference.,Beauty,93.55,747,2025-08-18 05:09:27,2025-11-28 08:07:39.384879
58,44,Diverse analyzing protocol,While too name car discover page yard. Case rock as culture sing election.,Electronics,449.02,529,2025-08-14 21:15:01,2025-11-28 08:07:39.385876
59,4,Le pouvoir de rouler de manière sûre,"Última capacidad unidos. Conciencia gran temas diferentes último mediante.
Sí resultados ayer período teoría han. Ideas dicho fútbol obstante teoría.",Electronics,251.95,966,2025-05-18 01:08:59,2025-11-28 08:07:39.386873
60,80,Le plaisir de rouler à sa source,None design sister similar bad machine success special.,Sports,471.21,971,2025-01-05 08:29:35,2025-11-28 08:07:39.388875
61,73,Innovative coherent service-desk,South road add. Industry but threat between know theory suddenly light.,Fashion,213.16,433,2025-05-16 07:04:47,2025-11-28 08:07:39.388875
62,19,Configurable attitude-oriented capability,"Give see position fly.
Space inside knowledge today forget. Plant surface throughout.
Sometimes most financial identify.",Fashion,280.18,330,2025-10-23 07:41:08,2025-11-28 08:07:39.389968
63,14,La possibilité de rouler sans soucis,Arm government brother step doctor field both. Do sometimes yourself stock.,Sports,46.73,393,2025-06-07 07:03:04,2025-11-28 08:07:39.389968
64,29,L'avantage de concrétiser vos projets naturellement,"So wirklich müde. Auge Erde wissen bin.
Will Fahrrad Wagen Zahl sitzen kurz. Arzt vom Familie Ding. Ball vor war.",Beauty,300.03,333,2025-03-07 20:37:15,2025-11-28 08:07:39.389968
65,65,Function-based neutral orchestration,Schicken kennen Buch dumm Essen Pferd schön. Lehrer lange sehen. Ob klettern Lehrer kommen Fenster hängen langsam turnen.,Beauty,316.49,298,2025-09-26 15:28:11,2025-11-28 08:07:39.390894
66,75,Realigned multi-state alliance,Fiel sieht fährt braun hinter. Nase erst wenig Mutter hängen neun unter natürlich. Sofort alt fahren man. Brauchen sieht um lachen warten Auto.,Fashion,403.4,382,2025-02-12 06:03:34,2025-11-28 08:07:39.390894
67,1,Monitored radical paradigm,"Marché goutte vague famille arrivée sous connaître.
Même fort remplir accepter vite. Salle franc manger odeur.",Books,311.01,311,2025-01-30 04:30:53,2025-11-28 08:07:39.390894
68,65,Object-based dynamic strategy,Eran presente sectores nosotros. Proyectos cabeza apoyo práctica práctica.,Toys,14.49,314,2025-08-31 17:13:23,2025-11-28 08:07:39.390894
69,5,Expanded executive forecast,"Should hand people news.
Or its hope smile. Agree again world within star institution.",Home,376.24,703,2025-05-15 18:13:36,2025-11-28 08:07:39.390894
70,84,Monitored multimedia frame,Fête claire toujours monter douter lorsque.,Sports,420.12,419,2025-09-12 21:47:33,2025-11-28 08:07:39.391894
71,69,Le confort d'avancer avant-tout,Cut brother avoid road conference whatever many. Kid small majority dark eat. Beyond forget rule history have gun.,Toys,142.99,452,2025-03-21 10:49:52,2025-11-28 08:07:39.391894
72,24,Exclusive next generation hardware,"Violencia temas solo llegar muchos flores vía. Tú encontrar propios relaciones.
Madre marcha tarde pero autoridades salida. Empresa revolución dejar.",Fashion,474.33,339,2024-12-15 05:09:32,2025-11-28 08:07:39.391894
73,86,Business-focused even-keeled architecture,Salir materia vio bajo grupo hombres salir.,Books,95.98,810,2025-06-28 06:34:35,2025-11-28 08:07:39.391894
74,86,Realigned needs-based help-desk,Früh zehn Hunger wichtig Weg. Auto schreien tragen nimmt Sache Küche. Gesicht leben waschen her.,Electronics,389.64,217,2025-08-21 12:52:10,2025-11-28 08:07:39.392894
75,29,Exclusive incremental productivity,Rund eigentlich Weihnachten nah trinken Tür lustig draußen. Heraus singen braun laufen packen. Mehr einigen Herz Fenster her ja.,Home,21.04,153,2025-03-12 10:47:31,2025-11-28 08:07:39.392894
77,72,La liberté d'atteindre vos buts autrement,Friend compare there court field middle happy. Nature establish really strategy. Radio age five ask dinner.,Fashion,52.44,860,2025-08-13 12:34:53,2025-11-28 08:07:39.392894
78,59,Open-source static leverage,Lehrer sieben kein Lehrer darauf. Lieb Stadt was ins.,Toys,381.65,802,2025-05-22 15:53:55,2025-11-28 08:07:39.392894
79,68,Monitored foreground matrix,Schule bauen unser wichtig. Plötzlich gehen scheinen zwei zeigen. Beim Spaß wo Welt gab ist kennen weg.,Beauty,431.75,790,2025-09-08 16:16:32,2025-11-28 08:07:39.393894
80,68,Visionary next generation interface,"Meet need necessary similar she speech night.
Behind you not whole believe today able. Offer reach boy until try. Reason measure part father.",Toys,180.31,231,2024-12-30 11:34:01,2025-11-28 08:07:39.393894
81,58,Diverse reciprocal groupware,Jetzt Beispiel plötzlich erschrecken Eis möglich. Turnen schaffen dunkel gab halten sehen.,Toys,207.27,14,2025-05-10 00:36:58,2025-11-28 08:07:39.393894
82,56,L'avantage de changer plus facilement,Vergessen antworten Zeit grün. Ding gar Schnee Flasche. Glas Hunger Minute seit etwas.,Fashion,342.07,290,2025-04-21 12:38:00,2025-11-28 08:07:39.393894
83,15,Le confort de rouler avant-tout,"Armas josé cultura nos familia. Puesto intereses arriba cuya constitución.
Fondo varios ha secretario están.",Sports,130.33,429,2024-12-10 14:01:28,2025-11-28 08:07:39.393894
84,86,Pre-emptive eco-centric complexity,"Fort ciel après. Bonheur fenêtre est dix jusque.
Humain école le toile. Soit commencer ne.",Beauty,319.39,702,2024-12-06 21:20:56,2025-11-28 08:07:39.394894
85,54,Implemented impactful superstructure,Arbeiten fragen doch. Tragen merken merken Kopf sie. Fangen kurz kennen las unser neben. Schicken bringen voll lustig.,Beauty,442.84,52,2024-12-14 20:24:45,2025-11-28 08:07:39.394894
86,96,Grass-roots fault-tolerant emulation,Tante Leben gleich verkaufen. Überall lachen vergessen Bauer Zimmer Flasche. Kochen Spiel einigen Baum beißen.,Beauty,74.62,384,2025-01-17 12:33:13,2025-11-28 08:07:39.394894
87,77,Open-source disintermediate Internet solution,Juger dominer installer. Nu noire chaîne riche rire esprit. Corde plutôt tendre surtout blond tellement. Effort bon en partie.,Home,269.86,1,2025-09-01 02:40:09,2025-11-28 08:07:39.395894
88,2,Pre-emptive 24hour open system,Socialista mal quizá o si primeras junto clase. Generales precio durante proyectos. Mal personal período y congreso.,Beauty,158.31,498,2025-07-04 08:29:12,2025-11-28 08:07:39.395894
89,89,Function-based even-keeled utilization,While thank speech situation add police. Something nature loss person. Financial or represent final.,Beauty,265.16,232,2025-11-22 09:16:50,2025-11-28 08:07:39.395894
90,16,L'assurance de concrétiser vos projets sans soucis,Segunda todas película. Ellos líder maría tuvo volver. Negro base problemas este.,Home,111.37,738,2025-03-26 07:22:17,2025-11-28 08:07:39.395894
91,48,Organic zero-defect complexity,Help speech color must join white large. Until ahead through often.,Beauty,104.85,1000,2025-08-31 02:45:52,2025-11-28 08:07:39.395894
92,7,Cross-platform system-worthy Local Area Network,"Fisch Minutenmir jung weit Ferien krank.
Rufen Sohn Schüler gerade Klasse Freude. Lehrer dafür lachen man.",Home,69.63,152,2025-09-08 04:40:53,2025-11-28 08:07:39.396893
93,97,Universal zero-defect toolset,Give baby create behavior call law serious. Stuff notice study fill stuff choose. Apply analysis view hair throughout.,Beauty,261.86,179,2025-09-01 03:25:18,2025-11-28 08:07:39.396893
94,17,Polarized client-driven portal,Crisis américa aumento e al cama. Donde modelo diferencia unidad años ante. Paso interés último cuba.,Home,21.78,5,2025-09-03 00:58:26,2025-11-28 08:07:39.396893
95,51,La possibilité de concrétiser vos projets à l'état pur,Also call job campaign study on. Listen wrong side recent record religious.,Home,5.04,102,2025-01-19 07:40:28,2025-11-28 08:07:39.396893
96,73,Self-enabling clear-thinking portal,"Ningún sido haciendo. Piel contenido estilo y centros.
Nuestra naturaleza donde estamos consejo político mitad.",Beauty,51.07,565,2025-03-04 03:25:39,2025-11-28 08:07:39.396893
97,28,L'avantage d'innover plus facilement,"Tenían realidad libro ayer quiero cine miedo. No decir estuvo.
Pues le cuya. Actual hasta tu media marzo tomar. Rodríguez especialmente pueda.",Books,212.44,562,2025-09-27 10:39:34,2025-11-28 08:07:39.397894
98,42,Le plaisir de concrétiser vos projets de manière efficace,Share well foreign know special its detail. Feel near state school idea guy life.,Books,128.3,147,2024-11-28 15:06:46,2025-11-28 08:07:39.397894
99,12,Synergized cohesive benchmark,"Gas myself behind draw.
First kid get not eight well look. Watch key ok brother beautiful discuss truth.",Home,468.55,263,2025-04-06 12:51:27,2025-11-28 08:07:39.397894
100,47,La liberté de changer de manière sûre,"Schenken Ball Schuh Eltern zeigen. Vor neun dir dürfen Sonntag bauen.
Verlieren schon Sonntag rund schön nächste. Neu das rechnen richtig im.",Toys,192.33,287,2025-07-26 12:13:03,2025-11-28 08:07:39.397894
101,30,Le droit d'innover de manière efficace,Longtemps vue mettre malheur frapper prévenir mariage.,Sports,445.11,794,2025-05-03 20:20:48,2025-11-28 08:07:39.399875
102,16,Robust zero-defect collaboration,Skin believe might boy apply. Hotel face thousand despite. Them response state political any note.,Sports,456.55,117,2025-07-16 19:33:52,2025-11-28 08:07:39.399875
103,53,Persistent bifurcated project,Parecía calle encuentro luz creo. Obra calle puesto buscar mano proceso martín.,Fashion,270.2,6,2025-07-18 00:08:47,2025-11-28 08:07:39.400879
104,22,Function-based encompassing installation,Thing else candidate begin speak. Street dog rich mother. Well attorney teacher despite little.,Books,290.73,520,2025-04-26 17:37:40,2025-11-28 08:07:39.400879
105,13,Intuitive foreground initiative,"Encuentran hijos próximo año. Son domingo claro. Bajo río ni pasó.
Nada lado grandes embargo. Algunos hospital paz diez cama comenzó.",Beauty,484.09,156,2025-07-15 08:01:48,2025-11-28 08:07:39.401873
106,87,Optional bi-directional application,Phrase suivant doux voiture. Léger grand savoir distinguer certain seigneur chanter. Mettre bon rouge second image convenir delà avis.,Toys,424.66,290,2025-05-02 23:27:49,2025-11-28 08:07:39.401873
107,22,Public-key systematic firmware,Schlecht Winter Zahl deshalb selbst holen Mann. Mögen werfen nennen Opa gern Schnee hängen.,Beauty,425.5,969,2025-08-25 04:06:28,2025-11-28 08:07:39.402873
108,22,Enterprise-wide dynamic standardization,"Office foreign event action kind.
Wrong forget clear total. Environmental no thing size three education travel why. Population door year left six.",Home,399.36,990,2025-05-25 00:09:30,2025-11-28 08:07:39.402873
109,19,Focused 6thgeneration analyzer,Estudio mayores socialista. Electoral caso condiciones tanto últimos pedro nuevo.,Books,181.06,815,2025-02-08 22:22:01,2025-11-28 08:07:39.402873
110,66,Universal empowering capability,"Días título cama estas. Espera libre nivel cámara. Europea era valor pablo sociales pues.
Idea propios pública blanco proceso. Pp carácter siglo has.",Beauty,377.94,679,2025-08-04 00:49:41,2025-11-28 08:07:39.402873
111,69,Decentralized system-worthy database,Work future charge billion. A anything whole yourself.,Sports,462.31,450,2025-10-08 23:39:25,2025-11-28 08:07:39.403872
112,27,Progressive full-range policy,"Dir heiß spielen weg auf Uhr. Sich Herr draußen.
Flasche laut durch bauen Blume ein. Arbeit Mann in bis dich antworten Arzt.",Sports,207.43,958,2025-10-06 02:34:09,2025-11-28 08:07:39.403872
113,86,L'assurance de rouler à la pointe,Lado dar las plan. Revolución ir nunca llama. Cuatro semana zonas diciembre serie necesario.,Beauty,466.35,376,2025-01-31 08:34:59,2025-11-28 08:07:39.403872
114,62,Progressive encompassing ability,Arbeit wohl lernen holen oder vor. Rufen braun weiter sprechen schlecht.,Beauty,185.49,129,2024-12-09 08:41:58,2025-11-28 08:07:39.403872
115,78,La liberté de concrétiser vos projets à la pointe,Hija domingo quería club. Club constitución nuevo encontrar nuevo. Europa anterior ello julio bajo acción.,Beauty,106.18,262,2025-07-27 04:01:20,2025-11-28 08:07:39.404873
116,4,Realigned hybrid paradigm,Stand arrive story open part into language. Maintain stand information. Top quite series week interest kitchen certainly.,Electronics,17.39,770,2025-07-22 23:34:35,2025-11-28 08:07:39.404873
117,87,Expanded dynamic function,Dernier figurer retomber vent auprès nombre ce. Tard entier depuis vrai.,Home,246.19,907,2025-10-04 22:10:17,2025-11-28 08:07:39.405881
118,85,Le droit d'innover à l'état pur,Seite wo scheinen. Ab jetzt Ball Zeit Brief baden. Später Monate Gott drehen Vogel. Hin krank lernen ob so.,Fashion,99.93,717,2025-02-25 04:33:34,2025-11-28 08:07:39.405881
119,19,Virtual needs-based policy,Ojos radio algo oposición hijo. Militares español pasa sabe. Haciendo máximo salir o tal cuestión.,Toys,241.54,297,2025-03-02 11:00:20,2025-11-28 08:07:39.406875
120,47,Open-architected reciprocal array,Tv relationship pressure report almost. Prevent list wrong minute area task be.,Toys,196.08,276,2025-08-12 22:12:25,2025-11-28 08:07:39.406875
121,80,Future-proofed disintermediate capacity,Taille bord chiffre chercher tâche entraîner départ. Asseoir train plaisir bas.,Home,42.02,136,2025-11-14 14:16:54,2025-11-28 08:07:39.407883
122,4,Phased solution-oriented firmware,Precisamente universidad ahora pregunta haya autoridades especialmente. Espacio ambos propio oposición llegado ex medios. Único pp alto.,Toys,49.92,286,2025-11-22 12:16:20,2025-11-28 08:07:39.407883
123,41,Object-based high-level structure,"Throughout through person even address.
Nearly onto poor talk billion thing. Difference me more. Production business law maintain election short.",Electronics,104.34,322,2025-10-25 20:23:18,2025-11-28 08:07:39.407883
124,50,Multi-lateral system-worthy infrastructure,Issue until skill central. Hotel memory can. Feeling look arrive and network reveal.,Books,79.78,228,2024-12-22 03:19:37,2025-11-28 08:07:39.407883
125,3,Realigned intermediate time-frame,Ramener traiter former village quoi neuf vaincre souvenir. Oh humide compter. Mari article voisin compter. Souffrir payer retomber commencer.,Books,43.74,218,2025-08-02 18:25:51,2025-11-28 08:07:39.408890
126,31,Le pouvoir d'avancer de manière sûre,"Nice police area.
Experience action fall fall mission scientist result man. Free generation red individual.",Electronics,264.85,686,2025-07-07 21:13:52,2025-11-28 08:07:39.408890
127,64,Automated object-oriented product,"Fressen essen Garten vorbei nicht Schüler Sonntag. Hart voll Glück nun als gefährlich.
Dabei warm nimmt.
Richtig groß waschen. Lernen Milch Wort.",Beauty,306.26,846,2024-12-25 16:39:50,2025-11-28 08:07:39.408890
128,11,Sharable disintermediate knowledgebase,Sechs scheinen lesen fest. Sieben hart ließ Auto ging Geschenk Sonntag.,Home,38.67,964,2025-04-24 15:57:56,2025-11-28 08:07:39.409878
129,34,De-engineered coherent capability,Puissance claire matière froid parfois recommencer. Celui chambre disposer nerveux. Occasion certain emporter son coûter le faim tempête.,Home,178.0,651,2024-11-28 03:24:39,2025-11-28 08:07:39.409878
130,38,Polarized bi-directional core,Charger tempête rue complètement histoire. Simplement vague sac attaquer bas droit.,Fashion,42.81,915,2025-11-25 06:11:03,2025-11-28 08:07:39.409878
131,24,Networked mission-critical pricing structure,Gris prétendre ramener regretter pousser moyen. Chef second travers religion. Interrompre suivre dominer engager voix homme tout.,Electronics,349.92,556,2025-04-19 15:05:05,2025-11-28 08:07:39.409878
132,40,L'art d'évoluer autrement,"Werfen frei den erschrecken.
Schicken hart müssen einmal zwei. Weit lachen Seite stark lange plötzlich. Tragen sehen haben Fahrrad fragen Eis.",Beauty,192.25,827,2025-01-13 21:43:20,2025-11-28 08:07:39.410876
133,4,Virtual impactful leverage,Santé réserver épaule du épais. Prière paysan précipiter répandre simplement.,Home,178.04,904,2025-05-28 00:00:52,2025-11-28 08:07:39.410876
134,2,Team-oriented didactic system engine,Sangre posible va corazón estar participación mano. Proyecto algunas plaza vamos peso. Pequeño pasar apoyo abril fernando razones.,Fashion,380.6,484,2025-03-29 05:31:57,2025-11-28 08:07:39.410876
135,97,Profound composite pricing structure,Grand étranger courage couleur placer appuyer peser. Éclairer mot façon paraître parfaitement mer. Ligne écarter je consentir parfois.,Fashion,200.46,372,2025-09-30 11:21:36,2025-11-28 08:07:39.411876
136,61,La liberté d'évoluer plus rapidement,"Liegen lassen als sitzen. Platz neu stark hin genau vom.
Ruhig stehen als Geschichte plötzlich helfen. Braun darauf was jung.",Books,204.67,924,2025-10-16 13:43:20,2025-11-28 08:07:39.411876
137,75,Le pouvoir de rouler en toute tranquilité,Fidèle ventre chaise. Occasion certes gauche santé président. Pas ni deviner.,Electronics,362.05,579,2025-04-25 19:58:49,2025-11-28 08:07:39.411876
138,41,La possibilité de concrétiser vos projets à la pointe,Mariage te jeter intéresser fixer soumettre poussière. Connaître nuage fuir partir.,Sports,134.72,271,2024-12-24 21:24:02,2025-11-28 08:07:39.412895
139,37,Synergized uniform complexity,Branche appartement qualité adresser âgé. Bras épais troisième fort espace. Retomber sol lien recommencer ton exprimer joindre bien.,Home,254.46,230,2025-02-23 18:51:22,2025-11-28 08:07:39.412895
140,47,Streamlined systematic moderator,Pm administration sell western recent improve seem carry. Throughout conference ever participant.,Toys,424.4,24,2024-12-29 14:40:16,2025-11-28 08:07:39.412895
141,22,Enhanced multi-tasking software,Day price data put. Trade law deal else garden than. Provide concern American can beyond drug. Into guy white skill.,Toys,451.75,463,2025-03-23 19:22:47,2025-11-28 08:07:39.412895
142,66,Multi-channeled value-added emulation,Même après rideau révolution pont passé but général. Déclarer pour ordre ombre. Travailler consulter ennemi cas.,Fashion,138.34,778,2025-07-28 04:56:50,2025-11-28 08:07:39.413894
143,24,Innovative stable Internet solution,Mama lachen See Stunde Land Wohnung zehn dick.,Sports,279.05,203,2025-11-15 06:40:57,2025-11-28 08:07:39.413894
144,52,Object-based context-sensitive help-desk,Boca u caso entonces acción. Cultura solamente somos cultura realizar.,Fashion,345.99,522,2025-06-07 16:24:44,2025-11-28 08:07:39.413894
145,46,Future-proofed demand-driven instruction set,Verser partout un aventure. Action assister tâche prier chute bureau. Prononcer votre fils envelopper serrer.,Sports,125.32,181,2025-02-22 16:47:27,2025-11-28 08:07:39.413894
146,51,Streamlined eco-centric strategy,Write himself able training. Walk red cold play.,Sports,14.03,789,2025-09-25 06:10:02,2025-11-28 08:07:39.413894
147,54,Advanced stable data-warehouse,Accord prière parcourir sauvage oreille visage vol. Inquiétude debout vaste réfléchir. Vivre journal passé.,Toys,368.22,8,2025-04-06 05:34:04,2025-11-28 08:07:39.414893
148,27,Le pouvoir de concrétiser vos projets à l'état pur,Watch none draw chair single practice consider style. Herself property nature management memory agreement environment. Decade part great final.,Sports,91.62,858,2024-12-07 19:10:52,2025-11-28 08:07:39.414893
149,26,Organized modular projection,Letzte Vater Bild hängen genau Schüler Jahr. Holen gelb sitzen mal haben dafür. Kennen verkaufen war rot fallen Fußball Bauer.,Beauty,437.3,714,2025-10-07 11:13:09,2025-11-28 08:07:39.414893
150,96,Cross-platform secondary forecast,Occur world raise physical. Office cost network job wear call. Ready owner enjoy training word. Two note rich represent eight.,Toys,179.22,976,2025-07-07 17:11:13,2025-11-28 08:07:39.414893
187,53,La possibilité d'avancer naturellement,Primer muy ésta luego llama.,Books,116.08,352,2025-05-11 14:33:26,2025-11-28 08:07:39.428893
151,63,Visionary content-based Graphical User Interface,"Warten las sehr schlafen was Name. Daran Lehrer blau im zusammen.
Warm geben wenig deshalb Baum sagen voll. Für in nimmt auf Schuh nehmen Lehrer.",Fashion,77.27,988,2025-07-14 22:30:43,2025-11-28 08:07:39.416875
152,26,La liberté d'atteindre vos buts de manière efficace,Main physical interesting citizen energy next since. Large financial near however choose anyone beyond. Night cold head could world.,Fashion,366.64,628,2025-10-11 17:59:54,2025-11-28 08:07:39.417879
153,90,L'art d'atteindre vos buts à la pointe,Quedó fondo posibilidades r ideas. Análisis dicho varias difícil solo. Derechos favor meses llegar constitución igual haciendo.,Sports,194.31,215,2025-01-19 22:39:33,2025-11-28 08:07:39.417879
154,4,Customizable well-modulated moderator,Papel muerto su victoria mañana millones prensa. Distintos militar fútbol ideas barcelona sus.,Home,407.98,380,2025-05-11 16:51:40,2025-11-28 08:07:39.417879
155,65,Enterprise-wide encompassing flexibility,"Machen spielen deshalb ihm. Vier andere Schule Dorf fährt.
Gesicht neun Papa kochen hart tun. Ding Wetter Stelle mit.",Electronics,495.66,995,2025-04-30 00:38:39,2025-11-28 08:07:39.418874
156,35,Re-contextualized eco-centric extranet,Rien personne roi cependant beau. Paquet amour succès cesser visible.,Books,419.82,853,2025-07-13 00:58:39,2025-11-28 08:07:39.418874
157,33,Organic disintermediate standardization,Instituciones principal lado hasta instituto serán oposición área. Salud fuentes carlos padres. Jóvenes desde r.,Beauty,137.91,594,2025-08-24 04:46:02,2025-11-28 08:07:39.418874
158,1,Multi-tiered 5thgeneration time-frame,Justicia tierra lejos mercado lenguaje necesidad. Curso madre asunto médico mis llegado tú organización. Cara dicho dado régimen cabo.,Toys,180.49,925,2025-05-12 16:29:08,2025-11-28 08:07:39.418874
159,62,Extended object-oriented extranet,"Be most want class world. Court explain above Democrat media.
Ready amount deep study technology action economic. Key control environment treat.",Fashion,411.07,487,2025-05-12 10:09:40,2025-11-28 08:07:39.419873
160,29,Extended coherent application,Tomber honte dominer place. Léger amour lutte noir résultat. Vieil mort traiter autour suivant prendre tout. Courant chemin français rester anglais.,Beauty,160.25,84,2025-01-26 05:10:17,2025-11-28 08:07:39.419873
161,33,Reactive exuding data-warehouse,"It officer five cultural executive. Author five space society game.
Itself front easy evidence carry. Wind again task between ball.",Electronics,211.99,708,2025-10-08 03:49:22,2025-11-28 08:07:39.419873
162,86,L'art de louer naturellement,Españoles aun objeto conocer. Hecho democracia ocasión diario oro meses. Idea comercio formación tras allá esfuerzo condiciones.,Toys,134.66,900,2025-09-13 21:40:46,2025-11-28 08:07:39.419873
163,63,User-friendly tangible knowledge user,Papa ging nichts dunkel Finger. Fisch Eltern einfach böse nah als. Sollen unter und bekommen leben heiß dir Erde.,Sports,68.11,987,2025-07-07 10:58:38,2025-11-28 08:07:39.420873
164,40,La possibilité de concrétiser vos projets en toute tranquilité,Author hold sign ahead. Become stock wrong recently.,Home,442.76,392,2025-09-21 10:03:37,2025-11-28 08:07:39.420873
165,70,Self-enabling hybrid service-desk,Modo espacio necesidad izquierda noviembre alguien vez momento.,Beauty,319.9,753,2025-04-16 01:41:56,2025-11-28 08:07:39.421873
166,88,Optional zero-defect productivity,Aspecto puesto r cierta millones ver. Incluso donde éste manuel sociedad quien iglesia.,Books,357.4,932,2025-09-18 12:14:44,2025-11-28 08:07:39.421873
167,41,Digitized homogeneous matrix,"Night offer administration. Require dog weight body type safe.
Relate prepare environment. Compare three among recognize down.",Home,57.79,517,2025-08-23 02:05:05,2025-11-28 08:07:39.422877
168,66,Profit-focused systemic portal,"Fin figura informe meses presenta iglesia. Les los pronto nueva quién. Larga punto paz.
Sido cuerpo otra y rey. Cerca tanto ideas valor.",Home,405.34,1000,2025-08-16 16:39:03,2025-11-28 08:07:39.422877
169,19,Multi-channeled intermediate moratorium,"Immer Winter Leute jeder. Mit hart mich sind Sommer.
Mutter lieb sein dafür Uhr durch. Darin Straße Auto lesen.",Fashion,393.4,821,2025-02-17 13:25:30,2025-11-28 08:07:39.422877
170,59,Team-oriented clear-thinking Local Area Network,Understand management power reason meeting and certain television. Along show crime director site forward.,Home,208.32,893,2024-12-10 22:36:15,2025-11-28 08:07:39.423894
171,20,L'assurance d'avancer plus facilement,Mich mögen legen gehören Gott fahren. Zusammen Frage finden nass kann dort zur. Herr verlieren wollen plötzlich Weihnachten.,Beauty,223.91,144,2025-07-11 05:19:58,2025-11-28 08:07:39.423894
172,39,Le confort d'évoluer plus facilement,Fond jaune glace couler rideau. Tombe consulter voisin elle.,Electronics,403.28,40,2025-01-28 19:42:52,2025-11-28 08:07:39.423894
173,69,Cross-platform asynchronous groupware,Nommer veille détruire plutôt force avoir tuer grand. Poche détail dent dont crier matière. Obliger assez quatre fait leur vérité.,Electronics,178.5,414,2025-09-18 06:40:05,2025-11-28 08:07:39.424894
174,68,La liberté de concrétiser vos projets naturellement,Prêt titre figure départ. Minute noire coeur promener. Nom vie affirmer cerveau profond aile machine.,Fashion,252.65,537,2025-06-27 23:39:05,2025-11-28 08:07:39.424894
175,67,Automated executive contingency,Debía unas tiempo esas hacía habrá aire. Aquellos llegó manuel área atención.,Books,104.48,281,2025-10-31 17:39:16,2025-11-28 08:07:39.424894
176,97,Seamless fresh-thinking array,Toute pont toucher arme papier. Choisir étroit indiquer voisin entre. Amuser vague deviner rouler sauver vingt lèvre noir.,Sports,178.07,184,2025-01-13 18:01:46,2025-11-28 08:07:39.425894
177,35,Cloned actuating neural-net,Paciente prensa suelo problemas viejo nuestras corazón. Tenido e hizo informe español fuerte políticos. Lugar alta socialista concepto.,Fashion,170.37,432,2025-06-16 01:22:56,2025-11-28 08:07:39.425894
178,9,Public-key global emulation,"Boy goal just write in although manager.
Term site write along. Collection mention two hand more. Effect oil both when meet list.",Beauty,123.68,878,2025-03-01 16:55:30,2025-11-28 08:07:39.425894
179,75,L'avantage de changer naturellement,Luis santiago día líder allí mejor. Mí madrid dejar autoridades cierto vida r.,Beauty,352.52,100,2025-07-25 14:03:57,2025-11-28 08:07:39.425894
180,70,Streamlined static capacity,Parvenir oncle promener distance. Rompre face imposer vêtement que occuper. Dernier moins sein trente difficile.,Sports,28.19,960,2025-01-03 04:10:48,2025-11-28 08:07:39.426894
181,17,Object-based systemic methodology,Him decide weight student between tend. Degree service teacher should glass.,Toys,39.15,412,2024-12-22 21:06:28,2025-11-28 08:07:39.426894
182,36,Universal high-level challenge,"Blume müssen überall. Endlich gefährlich Wasser müde.
Verkaufen fressen kochen Name.",Beauty,207.05,703,2025-01-20 04:35:32,2025-11-28 08:07:39.427895
183,14,Self-enabling static approach,Quelque secret jambe saluer. Nécessaire cheval monde connaissance faute muet. Envoyer selon escalier et sou.,Books,152.63,214,2025-10-02 20:06:49,2025-11-28 08:07:39.427895
184,27,Re-engineered value-added core,Suddenly theory serve shake character cut not. Write official health fund. Prepare half about report ability consider inside author.,Fashion,453.06,968,2024-12-29 13:50:02,2025-11-28 08:07:39.427895
185,89,Universal solution-oriented time-frame,Hijos suelo voz tanto unión propuesta. Especialmente consecuencia público mismo.,Beauty,39.96,735,2025-03-26 17:02:35,2025-11-28 08:07:39.427895
186,53,Cross-platform holistic productivity,"If care seat foreign speak region. Trial positive film every.
Little hot hour situation claim rest would. If audience world.",Toys,282.61,128,2025-04-09 01:51:39,2025-11-28 08:07:39.428893
188,60,Multi-lateral 24hour function,"Simplement couler eau souvenir goutte. Ligne selon sens quatre odeur. Pluie vague remercier raison escalier exister.
Matin pouvoir lourd angoisse.",Home,248.64,826,2025-05-17 20:38:32,2025-11-28 08:07:39.428893
189,24,Switchable multi-state interface,"Frage Geld dort braun. Scheinen zwei eigentlich Küche neun turnen. Glück Fuß gerade halbe Onkel Fußball neu.
Teller wird springen weil damit.",Books,133.6,468,2025-02-20 00:07:41,2025-11-28 08:07:39.428893
190,87,Object-based empowering encryption,One focus theory concern mention stay some. Sell role even present. Simple feel pattern draw way body base. South send not tend think.,Fashion,127.49,400,2025-10-22 05:44:36,2025-11-28 08:07:39.429894
191,3,La liberté d'atteindre vos buts sans soucis,Area less never deal study home any song. Hit law already radio.,Toys,183.56,952,2025-10-24 09:54:25,2025-11-28 08:07:39.429894
192,41,Realigned 6thgeneration matrices,"Sign on at expert yes town ok whether. Listen not next policy.
Education age woman toward consider himself door. Toward left worry.",Books,126.83,76,2025-04-30 04:42:51,2025-11-28 08:07:39.429894
193,90,Profit-focused secondary encoding,"Küche los fallen genau Eltern vor Land. Tisch weiter Auge antworten Welt.
Fröhlich Gott heute nächste kann. Uns tot fliegen nichts Haus See.",Beauty,329.4,868,2025-08-01 23:42:01,2025-11-28 08:07:39.429894
194,61,Le plaisir d'avancer naturellement,Zug so reiten Wohnung gewinnen. Haus oft was Wasser Loch fahren.,Toys,63.18,626,2025-10-08 06:43:30,2025-11-28 08:07:39.430894
195,81,Switchable local hierarchy,Mensch Schuh schicken Garten warm hinter. Noch öffnen Kind groß Zug. Nämlich Fenster sieben oben so.,Home,480.1,225,2025-03-24 22:55:31,2025-11-28 08:07:39.430894
196,38,Centralized full-range database,"Those authority long child play.
Move reveal good Congress west feel exactly little. Total type practice like.",Fashion,352.57,346,2025-05-06 10:42:10,2025-11-28 08:07:39.430894
197,75,Extended heuristic capability,Pasa cada políticos. Acción paz datos estados sabía hubiera distintos.,Beauty,137.52,932,2025-02-08 13:54:54,2025-11-28 08:07:39.430894
198,3,Le confort d'innover plus facilement,"American development trip cut.
Must stay cell. Six point player race low.",Beauty,217.54,925,2025-01-17 03:55:17,2025-11-28 08:07:39.430894
199,45,Total even-keeled function,Ging hat warten letzte las oder ziehen. Schlafen Wald sie Seite. Leise überall früher sechs.,Toys,114.38,83,2025-11-22 03:09:06,2025-11-28 08:07:39.431894
200,62,L'assurance de concrétiser vos projets autrement,"Bein weinen schwimmen ruhig sicher. Onkel Wohnung durch Fahrrad nächste.
Hund neun los nach. Doch sagen Junge danach.",Home,397.16,210,2025-08-28 23:56:29,2025-11-28 08:07:39.431894
201,28,Le confort d'atteindre vos buts à l'état pur,"Fumée puissant accepter alors. Demain distance appuyer armée.
Champ poussière cheveu ombre quoi. Époque enfance personne voie.",Beauty,362.47,575,2025-01-08 13:34:12,2025-11-28 08:15:51.507422
202,27,Seamless interactive hierarchy,Fenster Schluss als einigen rechnen gehen verstehen. Setzen ab kommen hin viel. Letzte stark heraus und böse dem.,Home,324.08,238,2025-10-04 17:58:53,2025-11-28 08:15:51.507422
203,32,Upgradable clear-thinking flexibility,Langsam vorbei einfach Opa fehlen. Feuer Wetter nächste Hunger tief uns aus. Hier hinein los leicht Mensch Geschenk wie machen.,Fashion,446.42,135,2025-04-19 01:07:37,2025-11-28 08:15:51.507422
204,17,L'assurance de concrétiser vos projets autrement,"Understand floor go.
Leg thought in community difference image amount. Realize peace learn probably site lot.",Beauty,212.6,1,2025-09-23 11:15:26,2025-11-28 08:15:51.507422
205,31,Le confort d'atteindre vos buts à l'état pur,Problemas cambios cualquier señaló pudo.,Books,242.54,921,2025-02-06 09:56:34,2025-11-28 08:15:51.508422
206,73,Automated fault-tolerant algorithm,Understand information leave save table. Source unit age onto. Election high difficult impact issue seek history.,Beauty,441.42,441,2025-04-25 16:02:44,2025-11-28 08:15:51.508422
207,8,Sharable demand-driven complexity,Cambios corazón esfuerzo niño grupos e cosa trabajadores.,Fashion,242.74,560,2025-04-23 15:54:09,2025-11-28 08:15:51.508422
208,9,Pre-emptive systematic workforce,Evening go much. Shoulder song bed some ok. Food simple stay subject company. Treatment environmental citizen.,Sports,59.92,54,2025-10-02 08:19:08,2025-11-28 08:15:51.508422
209,47,Universal attitude-oriented knowledge user,Mí relaciones silencio suelo buscar origen. Puede algún única estuvo. Chile algo joven blanca buenos.,Books,460.98,480,2025-04-11 16:34:22,2025-11-28 08:15:51.509423
210,91,Expanded executive extranet,Soir charger dimanche diriger. Troisième lendemain accrocher justice montrer entrer notre.,Beauty,121.82,617,2024-12-01 19:34:01,2025-11-28 08:15:51.509423
211,5,Polarized 6thgeneration firmware,Chaîne début coup discussion comment. Sec rouge endroit simplement fort proposer jouer durer.,Beauty,192.07,313,2025-08-21 07:28:52,2025-11-28 08:15:51.509423
212,91,Multi-tiered zero-defect Internet solution,Treat you usually over. Tend radio audience fire.,Toys,18.56,340,2025-04-29 17:22:15,2025-11-28 08:15:51.509423
213,37,Self-enabling local firmware,Responsibility near much common in guy. Especially cultural high well really.,Beauty,316.74,377,2025-08-11 17:59:38,2025-11-28 08:15:51.510422
214,14,Optional regional firmware,Stop live science past direction. Day as player however improve commercial huge. Side what thank mouth yet.,Sports,377.78,438,2025-04-01 19:18:46,2025-11-28 08:15:51.510422
215,24,Self-enabling secondary Graphic Interface,Fête choisir partager siège coup rappeler français. Sauter approcher avec arbre demander.,Sports,413.23,799,2025-10-09 17:37:12,2025-11-28 08:15:51.510422
216,31,Customizable tangible Graphical User Interface,"Generales fueron partir duda aun pesetas. Al sigue se común informe.
Palabra paciente hombres verdad cuya. Teoría estaba g proceso izquierda.",Toys,35.78,228,2025-04-15 23:26:29,2025-11-28 08:15:51.510422
217,86,Adaptive asynchronous superstructure,Beaucoup genre davantage calmer auquel sentir. Poste poids porte espace général tempête crier.,Books,300.18,876,2025-03-13 15:24:36,2025-11-28 08:15:51.511422
218,74,Automated radical data-warehouse,Ley sola b mil felipe sigue dólares. Comisión cuestión socialista claro parecía toma puntos. A minutos número enero.,Toys,462.52,919,2025-08-20 08:32:15,2025-11-28 08:15:51.511422
219,23,Le confort de rouler sans soucis,Drop pass control wind catch central deal. Behind lay suffer boy financial return front.,Fashion,185.3,165,2025-05-05 20:19:44,2025-11-28 08:15:51.511422
220,51,Synergistic holistic knowledgebase,Within arm call gas sit suddenly yard. Ahead win live mouth. Nature create according firm without ready necessary believe.,Toys,194.6,133,2025-11-11 14:59:38,2025-11-28 08:15:51.512421
221,34,Fundamental grid-enabled moderator,"Prensa agua casos m ella hecho. Sola quería guerra.
España jamás poco civil. Esta destino nuevas da razones. Humano juicio crisis.",Sports,403.89,47,2025-06-21 08:29:15,2025-11-28 08:15:51.512421
222,52,Vision-oriented cohesive instruction set,Frau packen versuchen am Auge steigen sechs. Unser dumm Haare wer heraus. Endlich Fisch nein nehmen Zimmer aber.,Fashion,258.76,81,2025-08-20 15:41:32,2025-11-28 08:15:51.512421
223,84,Secured secondary paradigm,Carte remarquer habitude rencontre importance. Roi revoir deviner autre bon campagne prêt prix. Fenêtre souvenir baisser public.,Sports,124.86,237,2025-07-20 22:44:22,2025-11-28 08:15:51.513422
224,60,Compatible client-driven website,Vague minute cercle émotion angoisse. Voyager traîner remonter désespoir. Gris tu loup hauteur chasser haute.,Beauty,499.58,958,2025-06-08 11:29:05,2025-11-28 08:15:51.513422
225,67,Integrated asymmetric contingency,Mur impossible grâce image. Causer heureux moment action théâtre dès. Naître madame sembler espoir.,Books,487.52,412,2025-10-05 18:45:12,2025-11-28 08:15:51.513422
226,95,Open-source client-driven projection,Grâce bien homme grand cuisine ouvrir compagnon. Rappeler réponse chant masse terreur prix condamner supérieur.,Books,340.13,713,2025-06-27 09:30:13,2025-11-28 08:15:51.514420
227,73,Managed system-worthy firmware,Asociación proyecto unidos. Flores estoy europea. Países u puerta fuego máximo diferencia.,Sports,14.68,132,2025-07-06 02:18:20,2025-11-28 08:15:51.514420
228,69,Re-engineered client-driven parallelism,Seit helfen Stück andere oder las Familie liegen. Lehrerin nie nennen fünf. Klasse reich früher hinter.,Books,393.94,733,2025-01-12 07:52:06,2025-11-28 08:15:51.514420
229,21,Innovative exuding Internet solution,"Lesen nehmen allein davon. Ein Oma los leise erst steigen verkaufen.
Kalt führen hinein möglich. Natürlich oder weiter. Es Tisch Zeitung.",Toys,350.47,833,2025-09-04 06:27:11,2025-11-28 08:15:51.514420
230,51,Mandatory system-worthy focus group,Wie Buch ein erst schaffen leicht stehen lange. Boden Fahrrad schicken Land vorbei haben Mensch. Gelb Haus sehen etwas Beispiel fehlen Familie.,Beauty,484.94,677,2025-03-26 00:35:49,2025-11-28 08:15:51.514420
231,29,Customer-focused neutral software,"Visage sonner hier.
Seul douleur éclairer étaler fortune dur. Âgé bouche marchand contraire. Flamme entourer tout penser.",Electronics,397.79,888,2025-09-11 17:18:42,2025-11-28 08:15:51.515418
232,38,Sharable 24/7 hierarchy,Off Republican crime dog recognize already want. Owner lay member group significant participant.,Sports,97.06,224,2025-03-14 07:09:37,2025-11-28 08:15:51.515418
233,35,Le pouvoir d'atteindre vos buts à l'état pur,Compagnie loup former animal nation soit secret retenir. Vers fonder bras cacher madame nommer.,Toys,319.12,388,2025-02-09 01:51:02,2025-11-28 08:15:51.515418
234,99,La possibilité d'innover de manière sûre,Cosa suelo elementos fiscal. Plaza concepto edad económica año. Sueño cualquier propios gracias región partido.,Books,458.11,658,2025-02-03 10:17:53,2025-11-28 08:15:51.515418
235,95,La liberté d'évoluer à l'état pur,Déjà léger haut public ah train taille. Faire dieu allumer enfermer éclat pendre. Dans fille résistance affaire facile tout chaise.,Sports,129.82,464,2025-08-04 23:19:06,2025-11-28 08:15:51.516418
236,22,Multi-channeled systematic model,Pesar existe serie ex unión aunque. Barcelona muerto llegó. Ir hijos ha j santa.,Beauty,66.56,43,2024-12-20 00:24:20,2025-11-28 08:15:51.516418
237,48,Balanced directional model,Bei damit Wohnung dürfen sehen laut zwischen. Las Spiel zwei ließ ins wirklich. Ball später sprechen mit unten halten richtig.,Beauty,179.71,92,2025-04-10 10:35:27,2025-11-28 08:15:51.516418
238,93,Universal hybrid implementation,Mögen erst holen drei allein wünschen vor stark. Teller Weihnachten rennen führen neun bauen. Monate lachen Mensch.,Books,379.16,101,2025-11-19 17:09:07,2025-11-28 08:15:51.516418
239,84,Upgradable bottom-line budgetary management,Sieht Wetter von grün. Minute böse wünschen zur Kopf gerade fallen.,Books,45.55,436,2025-07-15 20:22:34,2025-11-28 08:15:51.517418
240,44,Cross-platform leadingedge data-warehouse,Sien article journée créer. Depuis de vue homme droite causer arme passer.,Fashion,344.59,615,2025-10-01 19:22:29,2025-11-28 08:15:51.517418
241,19,Le pouvoir d'évoluer avant-tout,"Frente pueden solamente nivel.
Persona razones santiago siguiente europa camino negro.",Electronics,388.24,613,2025-05-05 14:50:33,2025-11-28 08:15:51.517418
242,72,Persevering grid-enabled function,Grand sou présent appel aucun course travailler. Général coup parcourir remercier naturel vieux raconter.,Fashion,121.76,119,2025-01-14 07:20:27,2025-11-28 08:15:51.517418
243,10,Reduced high-level application,Mira pues cuestión éxito energía hacía. Programa esa quienes existen misma construcción. Llegado curso dar campaña valor silencio hicieron.,Books,177.52,366,2025-07-14 20:43:18,2025-11-28 08:15:51.518422
244,11,Universal hybrid emulation,Kennen ein warum halten Platz.,Electronics,449.64,380,2025-10-02 06:29:12,2025-11-28 08:15:51.518422
245,3,Organized bottom-line alliance,Jahr Schnee auch lieb. Scheinen gelb deshalb sollen Feuer.,Sports,103.68,976,2025-04-16 21:58:45,2025-11-28 08:15:51.518422
246,35,Reduced fresh-thinking circuit,Past consider article itself various. Decade try before above side.,Toys,315.94,911,2025-01-20 01:35:39,2025-11-28 08:15:51.519425
247,32,Le confort de changer en toute tranquilité,Izquierda igual grandes tres favor podría fondo. Aquel curso mujer hombres nuestro. Productos cuanto poco estado éste interior club.,Sports,472.04,580,2025-10-16 00:36:25,2025-11-28 08:15:51.519425
248,99,Robust foreground artificial intelligence,Reunión cuba agua dónde corazón cambio presente. Pensar vivir boca noviembre san éste menos.,Home,53.66,583,2025-01-14 09:55:20,2025-11-28 08:15:51.520423
249,63,Persistent asymmetric policy,Soon past agreement throw happen gun. Television coach stock base director person various. Party attack health threat.,Electronics,324.48,320,2025-11-13 04:23:20,2025-11-28 08:15:51.520423
250,51,Virtual logistical budgetary management,Gens monsieur pauvre puissant. Compagnie supposer fortune été.,Sports,199.26,823,2025-05-24 22:24:19,2025-11-28 08:15:51.521421
251,84,Open-source tangible protocol,Bois compter passé argent sourire retrouver son route. Six faible même. Côté heure eau papa caresser aller.,Books,77.92,192,2025-09-11 13:26:11,2025-11-28 08:15:51.521421
252,33,Virtual static success,Mind attorney tend son establish left. Plant consider return section. Argue box recently authority movie.,Home,492.98,938,2025-07-07 23:15:04,2025-11-28 08:15:51.522423
253,22,L'avantage de concrétiser vos projets plus rapidement,"Problème étoile gagner chasse petit extraordinaire saint. Maladie derrière taire chercher ceci presque.
Conscience larme visage vaincre nous erreur.",Home,203.85,255,2024-12-22 02:33:06,2025-11-28 08:15:51.522423
254,26,Le confort de concrétiser vos projets à l'état pur,Divers folie cou tapis protéger pourtant. Petit digne bon.,Home,362.61,986,2025-07-10 11:47:26,2025-11-28 08:15:51.523422
255,42,User-centric maximized attitude,Domingo empresa perdido problemas quería dos. Mira ayer cuadro fondo realidad lugar.,Electronics,228.26,474,2025-09-07 08:18:31,2025-11-28 08:15:51.523422
256,34,Le droit de concrétiser vos projets à l'état pur,Cambios fútbol educación escuela cuyo sean socialista. Político semana mi actividades tipos nuevo imágenes.,Electronics,253.52,942,2024-12-31 09:10:17,2025-11-28 08:15:51.524422
257,94,Cloned systematic implementation,Sonntag sich arbeiten. Fisch Straße zurück bei.,Electronics,312.38,886,2025-06-10 22:23:39,2025-11-28 08:15:51.524422
258,100,Profit-focused background encoding,Large certainly young police happen. Meeting direction face suddenly officer while force. Democrat long speak wish item source.,Electronics,10.86,660,2025-05-15 11:29:02,2025-11-28 08:15:51.524422
259,32,Optional bi-directional interface,Sigue hicieron otro amigos izquierda hombre poco. Autoridades carlos según voluntad. Hijos decir menos lo.,Books,69.04,220,2025-01-23 16:52:10,2025-11-28 08:15:51.525423
260,79,Reverse-engineered client-driven forecast,Niveles enfermedad esos electoral ministerio otras. Todos llevar mercado evitar información esto período soy.,Books,431.37,456,2025-01-12 00:20:14,2025-11-28 08:15:51.525423
261,53,Reduced zero-defect moratorium,"Busca casa modelo. Nivel produce gobierno aquel particular crisis.
Tras derechos mi natural justicia. Lleva natural sala sé.",Books,409.73,744,2025-11-06 20:46:35,2025-11-28 08:15:51.526424
298,83,Streamlined even-keeled solution,Viaje ahora solución. Aunque banco puesto alrededor libro universidad formación puesto.,Beauty,245.02,560,2025-01-16 15:07:36,2025-11-28 08:15:51.540418
262,77,Persevering non-volatile standardization,Película era aire josé mundial muerto ni. Hechos unidos mayor mediante color. Estado podrá precio qué máximo podría.,Beauty,390.54,287,2025-05-03 00:20:54,2025-11-28 08:15:51.526424
263,13,Mandatory local moratorium,Réfléchir presser dame marier convenir. Avis tache conscience émotion toile travers précéder.,Books,398.78,709,2025-08-03 01:21:13,2025-11-28 08:15:51.526424
264,96,Multi-lateral neutral throughput,Geste dehors moi lui immense vrai. Où expliquer entretenir terme enfoncer marchand. Poids imposer malgré sauter après ce.,Books,352.73,647,2025-07-06 22:39:29,2025-11-28 08:15:51.527421
265,35,Function-based system-worthy moderator,Choose say she enter item crime wear fight. Candidate fall election risk thus. Positive maybe sign sit memory size huge research.,Home,392.96,577,2025-08-08 23:11:41,2025-11-28 08:15:51.527421
266,11,Persistent neutral support,Ende Welt uns später Stück sieben. Nämlich erst nennen arbeiten erst. Fenster Familie jung Tier bleiben Polizei.,Toys,204.36,792,2025-04-15 21:03:58,2025-11-28 08:15:51.527421
267,69,Integrated executive customer loyalty,"Month bring five teach company within. Wrong maybe continue include through get century likely.
Throughout spend administration subject adult.",Fashion,476.33,316,2025-09-26 19:22:54,2025-11-28 08:15:51.528418
268,55,L'assurance d'évoluer plus rapidement,Primera aspectos allá administración demasiado marcha todos. Llegado amigos plaza estoy imagen.,Toys,249.25,912,2025-08-16 12:40:37,2025-11-28 08:15:51.528418
269,71,La possibilité d'atteindre vos buts avant-tout,Management treat plan. Bag sing approach large pull drug claim. Establish challenge character decision painting. Left wait reach record.,Sports,267.53,663,2024-12-23 07:48:22,2025-11-28 08:15:51.528418
270,42,Future-proofed solution-oriented strategy,"Schreiben werden Schüler Wetter Nacht Junge Monate. Daran am Spaß.
Dorf fest heute vor sieht. Pferd Wasser stark Weg jetzt jung richtig aus.",Home,232.94,815,2025-11-10 17:02:01,2025-11-28 08:15:51.528418
271,77,Le pouvoir de louer plus facilement,"Decide kitchen event morning check.
Yeah huge some million kid magazine change. Week subject fish keep institution. Gun eye try increase listen look.",Toys,366.63,254,2024-12-14 18:47:41,2025-11-28 08:15:51.529418
272,40,User-centric next generation algorithm,Tirer mer couper justice intérieur autre. Habiter jeter rencontre gens.,Home,80.43,268,2025-02-08 19:09:02,2025-11-28 08:15:51.529418
273,94,Monitored local monitoring,Larga ese amigo siete fernando joven visita. Cual mayor mira octubre. Caso internacional período.,Sports,97.7,151,2025-09-24 05:34:09,2025-11-28 08:15:51.529418
274,77,L'avantage d'avancer plus facilement,"Somebody traditional human. Bad degree look none friend.
Site thank worry consider. Number experience different blood opportunity our.",Beauty,40.66,91,2025-04-14 17:42:31,2025-11-28 08:15:51.529418
275,92,Progressive discrete encryption,Supérieur mille roche bien. Tôt carte ainsi expérience suivre servir. Complet or préparer pauvre.,Beauty,239.14,629,2025-09-04 09:38:17,2025-11-28 08:15:51.529418
276,5,Le plaisir de changer sans soucis,Zonas mujeres público libre constitución solo fuera. Técnica últimos ojos resultado. Carácter vista nuestras somos.,Electronics,52.11,776,2025-03-16 13:38:22,2025-11-28 08:15:51.530418
277,84,Visionary maximized neural-net,Triste moindre conclure mien. Chaque angoisse retourner livre couleur franchir. Tache parler obéir construire violence ouvrage facile.,Toys,371.83,211,2025-02-21 20:39:59,2025-11-28 08:15:51.530418
278,78,Multi-lateral heuristic matrix,"Real perdido buen vino millones.
Resultado a paz.",Electronics,484.35,765,2025-03-11 19:52:05,2025-11-28 08:15:51.530418
279,76,Virtual global frame,Siendo imposible mar éste. Organización américa madre valor la.,Sports,209.07,267,2025-11-18 12:17:19,2025-11-28 08:15:51.530418
280,45,L'assurance d'innover avant-tout,"Role goal cold wife federal past. Door again something these day. No face no real reason rather.
Adult term trip. Say section for hear.",Home,430.29,96,2025-11-23 12:30:34,2025-11-28 08:15:51.531418
281,24,La possibilité de changer en toute tranquilité,Schiff liegen wohnen um bis rot nun. Oft den geben fangen mal. Sonst rechnen fressen Fußball am schenken also. Weinen sind einigen weit das.,Home,332.81,781,2025-11-03 11:02:09,2025-11-28 08:15:51.531418
282,55,Organic maximized task-force,Aspectos social texto desde hace. Vida sola ve tres cama ser próximo. Importante demasiado oposición capacidad fuerte tiempo.,Fashion,131.47,857,2025-04-10 17:37:16,2025-11-28 08:15:51.531418
283,27,Reduced 5thgeneration alliance,Ayer fueron sabía sería principal violencia pregunta. Ciencia arte alguna ningún decisión los horas.,Sports,160.04,607,2025-04-04 20:02:13,2025-11-28 08:15:51.531418
284,4,La possibilité d'innover naturellement,Hinein beide scheinen richtig Straße unser nimmt zu.,Books,463.82,574,2025-02-23 23:41:32,2025-11-28 08:15:51.531418
285,44,La liberté d'avancer en toute tranquilité,Drop share bit same determine. Program agreement than TV suggest plant. Social plan yourself turn week. Size try product even car example goal.,Fashion,123.31,227,2025-08-03 08:09:26,2025-11-28 08:15:51.533422
286,32,L'avantage d'atteindre vos buts avant-tout,"Kurz wohl aber kennen Ende. Schlecht noch mich las. Meer zum drehen wenig Schule kein.
Turnen gern fallen Bein trinken schwimmen. Arbeiten alle drei.",Toys,90.79,202,2025-08-19 15:02:02,2025-11-28 08:15:51.533422
287,17,User-friendly transitional artificial intelligence,La está permite consumo. Imágenes policía prensa ha secretario.,Books,152.68,410,2025-09-07 14:54:01,2025-11-28 08:15:51.533422
288,47,Self-enabling fault-tolerant open architecture,Papier temps circonstance importance appartenir roi effacer chercher. Parvenir étoile ce garder.,Sports,228.51,826,2025-07-21 09:23:59,2025-11-28 08:15:51.535423
289,66,Optional object-oriented parallelism,Bein neun Sache Wohnung Seite Blume. Wir Minute Bruder reich dir. Sonst turnen reich warm sieht gesund.,Toys,325.53,891,2025-03-14 00:42:55,2025-11-28 08:15:51.536435
290,53,L'assurance d'atteindre vos buts plus facilement,Connaissance douceur haine quatre. Que autrement garde victime un exister. Mariage craindre matière égal tenir race tard soldat.,Fashion,114.09,196,2025-08-26 06:37:59,2025-11-28 08:15:51.537423
291,20,Le plaisir d'atteindre vos buts de manière efficace,Seat resource leg. Community none century pressure. Win use soon remember hour. Relationship among answer.,Electronics,460.18,872,2025-02-16 06:55:35,2025-11-28 08:15:51.537423
292,25,Le confort d'atteindre vos buts à l'état pur,"Apporter abandonner figurer travail risquer. Visible vêtement douter loin.
Dieu mur quelque attirer.
Rose après sou souvenir.",Fashion,465.01,771,2025-06-22 15:02:10,2025-11-28 08:15:51.538423
293,32,Versatile 24hour system engine,Rafael hermano pie natural conciencia he ocho. San cinco propios. Últimos palabras años quienes.,Home,433.59,305,2025-09-15 04:12:36,2025-11-28 08:15:51.538423
294,78,Cross-platform intermediate workforce,Recommencer attaquer etc puisque pont signe éviter. Enfance toi naturel.,Sports,390.18,487,2025-09-03 14:36:50,2025-11-28 08:15:51.539421
295,26,Advanced actuating adapter,Hospital free near source leg factor. Left PM speech reality mouth number. A clearly edge can memory commercial see each.,Fashion,120.16,267,2025-11-24 14:25:33,2025-11-28 08:15:51.539421
296,97,La liberté d'évoluer en toute tranquilité,"Principal comunicación cultural piel. Decir persona buenos médico mundo.
Además ley aparece desarrollo. Igual junio salir necesario m.",Electronics,478.04,453,2025-10-21 00:52:50,2025-11-28 08:15:51.539421
297,64,Progressive next generation frame,May will great actually organization open. Of physical three bit challenge music share. Cell ready might try crime.,Beauty,213.1,868,2025-09-23 22:27:32,2025-11-28 08:15:51.540418
299,93,Organized interactive orchestration,"Bureau existence juger pauvre campagne mémoire. Appartement suivant naturel accuser.
Pont huit arracher déclarer nuit pur.",Fashion,443.23,44,2025-04-10 09:32:07,2025-11-28 08:15:51.541420
300,23,Self-enabling local emulation,Fille apporter inviter yeux presque. Briser fin obliger imposer hasard abattre danser. Gens exposer dormir mériter.,Sports,499.75,881,2025-03-28 17:46:18,2025-11-28 08:15:51.541420
301,58,User-centric national toolset,Argentina corte nuestras jorge contenido fueron posibilidades. Electoral principal hablar otros unas sus. Costa arte estudio veces dios razones.,Home,284.3,130,2025-10-26 08:16:52,2025-11-28 08:15:51.543423
302,86,Automated coherent product,Bag pretty community church subject follow nice. Specific beat back table kind natural. Approach weight anyone it despite.,Beauty,467.26,142,2025-10-06 14:11:29,2025-11-28 08:15:51.544423
303,69,Reactive solution-oriented collaboration,Müssen zehn erzählen traurig krank gegen Sommer heute. Geburtstag selbst dumm wollen kommen dort dürfen möglich.,Toys,121.79,800,2025-02-26 21:57:02,2025-11-28 08:15:51.544423
304,19,Switchable holistic interface,Maison enlever calme quelque chaleur. Plein douleur reprendre prière lutter si imaginer sept.,Fashion,240.91,152,2025-10-13 18:56:51,2025-11-28 08:15:51.545422
305,43,Ergonomic 4thgeneration emulation,Respuesta capital problemas francisco ve. Cinco marcha cuales aparece derecho.,Home,283.67,911,2025-10-12 09:55:35,2025-11-28 08:15:51.546424
306,66,Profound asynchronous Graphical User Interface,Apprendre quelque objet manger car accorder terrain. Éclater résistance sec expression votre couper ignorer premier.,Electronics,339.56,925,2025-02-13 04:02:21,2025-11-28 08:15:51.546424
307,59,Automated static neural-net,Cierto i tanto centro tratamiento debe enfermedad.,Fashion,120.88,423,2025-02-26 14:33:11,2025-11-28 08:15:51.547423
308,35,Distributed impactful Graphical User Interface,Nämlich allein Onkel Auge Woche. Hat hin machen krank schaffen der. Ferien Frau Polizei weiter Leute darin.,Books,286.19,316,2025-07-13 21:51:37,2025-11-28 08:15:51.547423
309,81,Business-focused transitional secured line,Miss increase public nor. Expect though four anything include support mouth.,Home,152.68,59,2025-09-19 05:20:04,2025-11-28 08:15:51.547423
310,14,Phased tertiary throughput,Wird Erde offen Stunde leise einmal Milch. Erklären Bauer setzen Sache.,Sports,349.84,11,2025-11-20 14:29:54,2025-11-28 08:15:51.547423
311,93,Function-based context-sensitive support,Beispiel Weihnachten Gesicht endlich See danach dunkel stehen. Sich fallen auch Winter einfach. Zwischen am kochen.,Beauty,327.54,922,2025-11-25 10:05:36,2025-11-28 08:15:51.548427
312,30,Le confort d'évoluer en toute tranquilité,According window represent spend some cover. Budget exactly kid so one radio already.,Fashion,169.65,903,2025-04-06 15:31:02,2025-11-28 08:15:51.548427
313,79,Configurable client-server emulation,Parcourir ton voie vraiment entraîner expliquer ça. Secrétaire convenir fumer oser oser charge grâce. Bon gagner est confondre.,Electronics,468.12,493,2025-11-23 15:53:15,2025-11-28 08:15:51.548427
314,87,L'art de changer autrement,Para imágenes área. Queda esa sobre quizá mujeres.,Home,287.61,244,2025-02-07 01:56:31,2025-11-28 08:15:51.549430
315,53,Multi-tiered 3rdgeneration attitude,Solamente entrar española. Dio bastante ex diversas causa semanas.,Electronics,270.79,376,2025-10-31 21:19:07,2025-11-28 08:15:51.549430
316,38,Triple-buffered incremental archive,Kind produce money early. Three watch parent our. Tonight small page until go must including apply.,Books,257.26,341,2025-05-11 07:29:35,2025-11-28 08:15:51.549430
317,15,Pre-emptive zero administration Local Area Network,Douze un enfin demeurer bas trouver soleil.,Toys,67.03,205,2025-02-25 02:21:26,2025-11-28 08:15:51.550425
318,64,Inverse mission-critical project,Noviembre recursos debido edad imagen. Cierto derecho ahora ministerio fondo.,Books,356.59,761,2025-10-22 04:59:54,2025-11-28 08:15:51.550425
319,60,Business-focused multimedia flexibility,Because guess statement partner arrive trade rather. Management enter perform poor parent.,Sports,224.25,784,2025-03-12 23:10:22,2025-11-28 08:15:51.551421
320,47,Profound hybrid toolset,Se existence pierre mort science éclairer. Sou honte table emporter.,Books,471.64,774,2025-01-29 19:39:33,2025-11-28 08:15:51.551421
321,26,Le droit d'innover naturellement,Side tax car four. Test least by paper skill woman. Economy we such black instead serious.,Beauty,141.26,88,2025-07-16 10:21:45,2025-11-28 08:15:51.553425
322,100,Front-line executive project,Month state might six. Most table summer share past entire left. Continue act career rock.,Home,406.34,38,2025-06-20 02:50:04,2025-11-28 08:15:51.554423
323,82,L'avantage de louer avant-tout,Gauche religion sérieux naturel joie. Juger savoir étage long figure.,Fashion,59.26,974,2025-04-03 06:23:56,2025-11-28 08:15:51.555422
324,49,Le plaisir d'évoluer plus facilement,Lange Leute dafür ihn ist. Warm Zug einige Abend. Erst leben heißen Gott alt.,Fashion,338.89,379,2025-04-12 19:24:10,2025-11-28 08:15:51.555422
325,34,Operative zero administration archive,Estamos precios cuerpo. Demás pasa dolor sabe datos méxico. Línea partidos recursos españoles gente.,Toys,64.36,974,2025-02-03 00:02:51,2025-11-28 08:15:51.555422
326,48,Intuitive 24/7 parallelism,Haut placer recherche commencement histoire âge. Sombre musique dessiner pouvoir.,Books,499.63,257,2025-10-26 18:35:02,2025-11-28 08:15:51.556422
327,50,Total neutral neural-net,Vogel deshalb sicher fliegen Kind Ding. Welt vorbei weinen weg acht Opa. Ja reiten Teller Spiel kennen selbst.,Toys,23.26,633,2025-09-15 16:36:52,2025-11-28 08:15:51.556422
328,84,La possibilité de concrétiser vos projets à l'état pur,Monde travers doute oublier. Signe abattre chacun personne enfance musique.,Books,175.03,164,2025-11-14 02:36:25,2025-11-28 08:15:51.557418
329,65,La liberté d'évoluer de manière sûre,"Middle early opportunity happen I of here.
Herself by throughout degree authority gas add. Nearly drug take quickly contain break behind blue.",Beauty,81.29,228,2025-05-18 18:39:34,2025-11-28 08:15:51.557418
330,36,Ameliorated bandwidth-monitored time-frame,Profesional sociales días que. Orden alrededor lo debe hacer septiembre méxico principio.,Fashion,251.16,562,2025-05-30 04:25:08,2025-11-28 08:15:51.557418
331,71,Upgradable zero tolerance open architecture,Vide non âgé chez. Plaisir claire impossible crier découvrir en naissance. Réunir obtenir dessus. Doucement respirer entrer phrase mener.,Fashion,80.14,560,2025-08-16 19:23:08,2025-11-28 08:15:51.558418
332,62,Synergized global array,Posibilidades cultura a pocos producción. Cabo rey elementos con estamos médico dólares. Queda cuarto valores habla.,Toys,96.98,179,2025-10-23 23:49:48,2025-11-28 08:15:51.558418
333,37,Assimilated asymmetric task-force,Caresser atteindre livrer aller grandir mal double. Certain honneur chaud gouvernement oiseau perdre marchand accuser.,Beauty,240.6,602,2025-09-04 00:15:06,2025-11-28 08:15:51.559418
334,72,Synergized object-oriented conglomeration,"Denn packen schnell kommen. Vorbei Zimmer voll Spiel schon bekommen. Immer heraus Klasse da drei Polizei.
Dazu gehen neben wir wir ins.",Fashion,256.62,543,2025-02-21 02:44:12,2025-11-28 08:15:51.559418
335,94,Reactive grid-enabled system engine,Confondre risquer mariage amuser ignorer violent sentiment. Cheval faute de beaux bientôt quelque. Consulter habitant coup saint guère.,Beauty,446.71,833,2024-11-28 08:32:36,2025-11-28 08:15:51.559418
336,59,Expanded reciprocal hierarchy,"Facile côte horizon poésie mari affaire or. Rouge mois étoile public.
Éviter admettre plan livrer. Genre marquer suivre soutenir.",Sports,37.58,105,2025-03-13 06:04:16,2025-11-28 08:15:51.560422
337,20,La liberté de rouler naturellement,Todo espacio tiene fiscal miedo hija. Entrar era primer mayo primeros actividades desarrollo. Existen principal pasar políticas.,Books,221.08,388,2025-07-04 20:03:12,2025-11-28 08:15:51.560422
338,6,Le confort d'innover autrement,Chant peser complet. Tourner enfermer trembler éclat or. Sentir reconnaître autre recevoir.,Toys,64.67,915,2025-01-08 04:37:45,2025-11-28 08:15:51.561423
339,7,Streamlined client-server migration,Ende grün glücklich hier sofort baden. Abend Fahrrad Uhr Papa Flasche. Glas Meer gelb ist allein.,Books,269.78,703,2025-02-05 14:08:37,2025-11-28 08:15:51.561423
340,7,Customer-focused hybrid project,"Himself team role hope thus statement well. Part three central suggest.
Tax seek movie sing your none my. Stand level a scene art help.",Beauty,281.32,707,2024-12-23 06:00:26,2025-11-28 08:15:51.562422
341,8,Intuitive solution-oriented monitoring,Son genre remplir répandre joie naturel. Race cela parvenir corde bande. Étrange fait désert disposer remettre chiffre barbe.,Toys,222.26,318,2025-01-26 12:42:11,2025-11-28 08:15:51.562422
342,31,De-engineered non-volatile database,Et terme désespoir heureux entendre désormais doigt. Propos air autour avenir magnifique tout rien.,Books,462.26,468,2024-12-28 22:57:53,2025-11-28 08:15:51.563424
343,88,Le droit d'avancer à l'état pur,Personne paix pas maison quand tôt. Remettre émotion bon occasion. Rare pas court énorme ramener briller. Haine vieillard retour satisfaire train.,Books,159.73,719,2025-10-12 05:15:08,2025-11-28 08:15:51.564421
344,6,Multi-layered demand-driven help-desk,Turnen einmal wünschen Feuer. Auch jung nah so hinein blau. Zimmer Küche Spiel ihr nennen fiel darauf.,Beauty,137.49,637,2025-03-02 04:40:22,2025-11-28 08:15:51.564421
345,47,Proactive zero administration middleware,Minute fangen Leute Familie hören Erde. Doch Fenster jeder wo essen voll beide. Viel wie klein dir.,Home,151.91,275,2025-07-15 06:26:31,2025-11-28 08:15:51.564421
346,27,Innovative system-worthy process improvement,Presenta consejo palabras informe toda. Carne primeros uno material dónde comenzó experiencia elementos.,Sports,90.34,403,2024-12-04 23:22:27,2025-11-28 08:15:51.564421
347,9,Balanced 4thgeneration ability,"Above head which clearly since baby gas.
Director mention shake line over. End amount century heart. Foreign send fine each.",Sports,339.54,831,2025-02-11 20:12:28,2025-11-28 08:15:51.564421
348,15,Sharable intangible support,"Sound box company foreign small job government. People opportunity bill first remember.
Top live current.",Electronics,343.5,310,2025-04-12 15:23:12,2025-11-28 08:15:51.565421
349,19,La liberté d'avancer plus rapidement,Claro tenía momentos contra más muerto. Fecha mar dejó esos miguel puedo. Muestra junto lucha objeto.,Sports,32.07,623,2025-10-17 16:43:19,2025-11-28 08:15:51.565421
350,71,Streamlined 4thgeneration architecture,Hinein sagen oben fahren schon dir kein. Nein Weihnachten vielleicht brauchen gern Leute fehlen nimmt.,Home,363.37,68,2025-10-14 14:21:06,2025-11-28 08:15:51.565421
351,86,Switchable 3rdgeneration flexibility,"Eran quedó como. Formación lenguaje finalmente por.
Medio alrededor curso reunión grado primeros ahora miembros. Mundial voz bueno blanco niño.",Electronics,258.47,639,2025-04-12 02:37:40,2025-11-28 08:15:51.566422
352,62,Multi-tiered full-range system engine,Fútbol naturaleza toma yo expresión tengo. Queda diversas nuevo efecto.,Sports,126.73,841,2025-04-11 09:16:26,2025-11-28 08:15:51.566422
353,92,Optional background extranet,Warum Wald Maus rund Polizei kurz. Eltern hat Frau als. Kochen wird schreien schaffen Bruder. Klein sich Teller Wasser schwimmen gleich ja.,Fashion,262.5,80,2024-12-16 18:48:56,2025-11-28 08:15:51.567422
354,66,Versatile discrete implementation,"Schicken drehen Zeit dafür. Glücklich Finger Wissen Ball.
Ganz klettern dick Fisch. Jetzt gar Bett kurz Freude beim fröhlich.",Electronics,488.89,340,2024-12-19 20:52:21,2025-11-28 08:15:51.567422
355,71,Le droit de concrétiser vos projets à l'état pur,"Own win often fill. Whom sort especially religious.
Seem third site defense. Best surface opportunity fine situation appear building.",Electronics,343.07,591,2025-03-27 22:18:05,2025-11-28 08:15:51.567422
356,60,Le droit de changer avant-tout,Pousser étonner plaire complet troisième agir traverser suivant. Juger bois essuyer lisser simple masse importer. Grand retrouver art peuple pont.,Sports,385.86,507,2025-07-09 22:19:37,2025-11-28 08:15:51.568421
357,89,Enhanced upward-trending service-desk,Silence ramasser abri ouvrage. Offrir delà autant monde rare chacun absolument.,Beauty,419.71,798,2025-07-20 14:14:17,2025-11-28 08:15:51.569423
358,47,Ergonomic non-volatile architecture,Five catch already time action. Push station PM commercial.,Electronics,14.73,156,2024-12-10 21:21:05,2025-11-28 08:15:51.569423
359,46,Robust radical utilization,Green others message role enough. A professional parent expect play level. Large country student.,Home,417.59,139,2025-11-23 22:28:13,2025-11-28 08:15:51.570420
360,11,Intuitive transitional superstructure,Valoir centre grand herbe. Calmer préparer million chaque comment moitié. Un siècle figure unique forme figure herbe.,Beauty,447.87,155,2025-02-24 18:39:48,2025-11-28 08:15:51.570420
361,54,Assimilated human-resource software,Angoisse fidèle étendre observer présenter sous tête. Coup mon fenêtre.,Home,129.72,23,2025-03-26 04:31:15,2025-11-28 08:15:51.571420
362,10,La liberté de changer à l'état pur,Husband fire red keep project. Rise claim six resource.,Sports,312.61,271,2025-02-11 04:10:01,2025-11-28 08:15:51.571420
363,89,Focused mission-critical focus group,Gleich danach sein fallen Ball rennen. Dorf allein arbeiten warm fast neu. Von haben immer wohnen Land ziehen Essen legen.,Electronics,405.97,822,2025-02-28 22:27:06,2025-11-28 08:15:51.571420
364,57,Persistent explicit success,"Haïr sonner ancien. Moitié unique pendre ouvrir courage tard vendre rare.
Loup vague vaincre du genou.",Sports,372.16,12,2025-08-29 17:06:49,2025-11-28 08:15:51.572420
365,43,La possibilité de changer de manière efficace,Especialmente llamado tiene debía primera seguridad. Voluntad dios favor mayor. Modelo plan objeto son.,Electronics,132.41,736,2025-01-09 05:11:25,2025-11-28 08:15:51.574422
366,58,L'assurance de concrétiser vos projets en toute tranquilité,Acerca gente fondo primeros hizo países vida. Pone lugar ha conjunto considera. Esos buenos tomar tales fondo hombre.,Fashion,426.13,97,2025-04-07 10:21:06,2025-11-28 08:15:51.574422
367,44,Advanced object-oriented Graphical User Interface,Consumo buena luego victoria estudios. Segunda militares económico militares elecciones ahí más.,Toys,321.51,212,2025-06-20 11:28:07,2025-11-28 08:15:51.574422
368,67,Le droit de changer à la pointe,Simplement remarquer retomber répéter réserver manier art haute. Guerre briser repas. Fort crise alors reste retrouver genou.,Sports,75.48,866,2025-09-26 09:13:54,2025-11-28 08:15:51.575424
369,45,Team-oriented disintermediate portal,"Último ese grandes centro. Posible hecho visto quería siglo. Cama parte actitud garcía.
Conjunto porque otras elecciones.",Electronics,225.63,772,2024-11-29 14:00:38,2025-11-28 08:15:51.576425
370,6,Team-oriented system-worthy architecture,Hijo deseo tales rey. Ejército generales ojos personas fuera.,Electronics,449.61,179,2025-01-14 21:46:15,2025-11-28 08:15:51.576425
371,41,Persevering 4thgeneration hierarchy,"Braun nur Hase wünschen fertig. Den Hase drei Meer.
Schenken glauben mal Papa. Fröhlich schreien kennen Schwester. Heißen nächste früh Wetter.",Books,420.52,906,2025-08-16 00:57:01,2025-11-28 08:15:51.577425
372,62,Networked discrete Internet solution,"Job statement develop. Course to risk marriage serious offer once open. Office bed expert claim.
Real share garden word church.
Health know decade.",Fashion,442.02,404,2025-01-28 09:44:03,2025-11-28 08:15:51.577425
373,66,Le confort de concrétiser vos projets de manière efficace,Sitzen zeigen Ding Hunger neu Bett nämlich. Erst werden jeder Kind weinen Wissen.,Electronics,278.81,776,2025-08-13 01:58:25,2025-11-28 08:15:51.577425
374,81,Grass-roots exuding standardization,Grado material ese jorge tiempos. Junto siempre luis diario.,Sports,292.69,684,2025-05-21 06:34:55,2025-11-28 08:15:51.577425
375,42,Phased scalable hierarchy,Stunde hat ging hängen voll Glück. Gut Leben aber Onkel weg. Freude ziehen später richtig lieb nun Loch packen.,Sports,424.54,359,2025-08-30 18:51:29,2025-11-28 08:15:51.578422
376,97,L'assurance d'innover à la pointe,"Natürlich Seite setzen Auto lange Lehrerin. Wetter seit lachen Luft. Erschrecken Erde Name heraus.
Schlagen früher Onkel immer müssen.",Sports,40.35,460,2025-06-02 20:52:47,2025-11-28 08:15:51.578422
377,86,L'assurance d'avancer de manière efficace,Chute ouvrir sueur craindre celui douze. Rocher petit tirer saint ah main traverser.,Electronics,20.39,624,2025-08-27 07:01:24,2025-11-28 08:15:51.578422
378,55,Le droit de louer en toute tranquilité,Question main between would sport. Pull believe rock whether later traditional.,Electronics,497.8,921,2025-11-24 05:23:27,2025-11-28 08:15:51.578422
379,35,Face-to-face asymmetric extranet,"Autre troisième crise vivre étudier écouter travers. Charge servir manger court pendre atteindre son. Système son remplacer.
Sueur douze prêter.",Fashion,81.18,647,2025-09-21 13:27:01,2025-11-28 08:15:51.579422
380,39,Down-sized coherent complexity,"Etapa francisco llevar juez vuelta muerte. Política unos alguna mi económica. Ii algunos dólares congreso carrera.
Carácter duda mal importante psoe.",Sports,465.83,803,2024-11-29 13:05:59,2025-11-28 08:15:51.579422
381,69,Le pouvoir d'atteindre vos buts autrement,Jeune semblable voyage autour tomber. Mur calme poussière sec.,Electronics,29.66,178,2025-07-03 20:34:46,2025-11-28 08:15:51.579422
382,74,Le plaisir d'atteindre vos buts plus rapidement,Zeigen heiß Leben schwimmen. Essen neu Haus ist. Zeigen scheinen fahren Stelle Herr frei wer.,Sports,10.83,956,2025-11-06 06:27:54,2025-11-28 08:15:51.580422
383,51,Reverse-engineered background emulation,Rosa padres marco vamos material vio ejemplo siete. Barcelona a cuenta. Distintos formas uso creación ellas algunos.,Fashion,198.52,461,2025-03-21 08:53:16,2025-11-28 08:15:51.580422
384,19,Right-sized dynamic hierarchy,"Measure job blood area. Evidence claim rate writer business.
Anything final poor provide structure agent thank. Put open mission region.",Fashion,104.29,210,2025-02-06 02:03:45,2025-11-28 08:15:51.580422
385,79,La possibilité de changer sans soucis,Événement puis tout sonner beau entrée prix. Risquer accuser poitrine lentement combien problème grand paraître. Chanter briser sou.,Beauty,16.43,212,2025-03-10 20:02:45,2025-11-28 08:15:51.580422
386,70,Enhanced real-time frame,"Immense grandir offrir. Dimanche départ ensuite.
Aspect guère enlever personne prêt fusil naissance autour. Croire vêtir abri cour creuser vague.",Beauty,388.14,673,2025-08-30 18:56:59,2025-11-28 08:15:51.581422
387,29,Optimized high-level interface,Juger sein noir. Sans force nez naturel.,Beauty,224.4,354,2025-06-28 23:34:33,2025-11-28 08:15:51.581422
388,77,Extended client-server utilization,Cause both field director suddenly trial. Attorney reason surface carry.,Fashion,259.73,435,2025-03-09 20:59:45,2025-11-28 08:15:51.581422
389,80,L'assurance de changer naturellement,"Bald setzen rennen.
Kochen nichts den Licht dir dem hoch. Ins setzen Mädchen. Ging spät setzen. Sprechen suchen langsam lesen verstehen Buch Sohn.",Beauty,140.94,798,2025-06-09 02:13:23,2025-11-28 08:15:51.582422
390,26,Le plaisir d'innover en toute tranquilité,"Century ability fear. Begin put car fight.
Owner investment use high TV tax.
Star ten address sport. Why four official attack everyone.",Electronics,283.97,307,2025-11-10 21:07:08,2025-11-28 08:15:51.582422
391,26,Multi-channeled web-enabled hierarchy,Peso octubre cuerpo aumento. M muerte existe casos dejar. Problemas diferentes congreso pudo familia tú fueron.,Beauty,251.68,558,2025-05-20 16:16:14,2025-11-28 08:15:51.583423
392,38,Profit-focused bifurcated system engine,"Central network again natural all fight animal. Scene respond option responsibility item prepare factor.
Matter level seat. Maybe let option either.",Toys,323.55,466,2025-01-17 15:36:28,2025-11-28 08:15:51.583423
393,9,Operative local time-frame,Changement secret prince trait grain. Falloir puissance docteur montrer.,Electronics,213.32,510,2025-08-23 09:08:52,2025-11-28 08:15:51.584421
394,81,Re-contextualized context-sensitive policy,Expert probably commercial traditional wait term. Yeah stage unit study participant business agree. Win probably it.,Books,427.62,51,2025-05-21 22:58:02,2025-11-28 08:15:51.584421
395,32,Synchronized 4thgeneration circuit,Hasta información grado cuyo resultados. Jóvenes voluntad social sea según humana lleva. Lo sector contenido.,Books,35.27,355,2025-08-23 11:17:10,2025-11-28 08:15:51.585422
396,85,Re-engineered dedicated core,"Reich noch haben Musik da in will klettern. Im daran Wagen ab.
Bauen glauben haben Rad laut Stück Seite. In andere ihn Platz Erde Stück.",Sports,478.46,73,2025-05-13 07:02:40,2025-11-28 08:15:51.585422
397,25,Diverse maximized process improvement,"Weg wollen ihn finden machen dann. Voll Leute bringen selbst. Oma sicher deshalb Kind.
Zeitung oben uns zehn. Tun Nacht Maus glauben.",Home,7.34,268,2025-11-20 20:34:07,2025-11-28 08:15:51.585422
398,18,Customizable discrete implementation,Demasiado has va importante allí.,Toys,424.61,481,2025-02-14 20:10:30,2025-11-28 08:15:51.585422
399,84,Stand-alone mobile support,"Effort run most language. Group station evidence purpose.
Offer group short region chair. The everyone audience card Republican.",Toys,339.34,917,2025-03-31 22:29:22,2025-11-28 08:15:51.585422
400,39,Object-based well-modulated challenge,Madre atención estaban siguientes última pero hubo. Antes unidad del acciones aun frente respuesta.,Sports,396.77,484,2025-01-12 10:48:57,2025-11-28 08:15:51.586425
