id,email,first_name,last_name,country,plan_type,created_at,last_login,is_active
1,titocobos@example.com,Magdalena,Aguilar,CAN,freemium,2025-09-15 01:12:58,2025-11-14 07:41:27,True
2,julio-cesarcasanovas@example.com,Martina,Rueda,ESP,freemium,2025-11-21 15:47:49,,True
3,carballomacarena@example.org,Vito,Roldan,FRA,freemium,2025-09-20 22:56:51,,False
4,twilcox@example.net,Noël,Chevalier,ESP,freemium,2025-06-15 09:07:47,2025-11-27 05:52:40,True
5,frieda72@example.com,Robert,Gorlitz,AUS,freemium,2024-03-08 08:57:09,2025-11-15 21:11:48,True
6,raymonddelannoy@example.org,Marvin,Dobes,DEU,premium,2025-06-10 12:52:48,2025-11-24 21:24:44,True
7,roberthudson@example.com,Paola,Estrada,CAN,freemium,2024-07-14 09:05:32,2025-11-06 07:31:56,True
8,dragostaude@example.com,Benjamin,Henderson,FRA,freemium,2025-06-10 16:16:37,2025-11-21 16:29:33,True
9,dperea@example.org,Jonathan,Hornig,ITA,enterprise,2024-05-07 03:30:02,,True
10,troyjones@example.com,Simone,Kitzmann,CAN,freemium,2024-03-13 19:41:12,,True
11,zehra96@example.com,Julia,Marin,ESP,freemium,2025-08-02 08:29:30,2025-11-07 10:20:58,True
12,girardgilbert@example.net,Mireia,Izquierdo,ESP,freemium,2023-12-16 19:43:55,,True
13,clemence12@example.com,Gisa,Weller,CAN,freemium,2023-11-29 13:32:48,,True
14,anna88@example.com,Angela,Scholtz,ITA,freemium,2025-03-21 11:53:03,2025-11-25 05:01:56,True
15,vmanzano@example.net,Cetin,Gonzalez,USA,freemium,2025-08-21 06:16:45,2025-11-01 03:19:36,True
16,ghernandez@example.net,Yaiza,Gonzales,CAN,freemium,2025-07-14 04:24:39,2025-11-08 10:37:12,True
17,caroline33@example.org,Ana,Orozco,CAN,freemium,2025-03-05 05:38:45,2025-11-07 13:44:34,True
18,dijouxmonique@example.com,Jim,Nohlmans,DEU,freemium,2025-04-21 02:10:47,2025-11-06 04:41:09,True
19,emmawolf@example.net,Blas,Mayoral,ESP,freemium,2025-03-23 09:03:23,,True
20,olmovictorino@example.com,Darrell,Pruschke,CAN,enterprise,2023-12-20 06:15:35,,True
21,joshuajohnson@example.net,Fernando,Jacquet,ITA,freemium,2024-09-03 00:03:57,2025-11-22 02:41:02,True
22,rcamacho@example.com,Keith,Reichmann,FRA,freemium,2024-06-23 08:31:02,2025-11-27 02:28:19,True
23,lewiswilliam@example.net,Adrienne,Bertrán,ITA,freemium,2023-12-13 05:21:20,2025-11-04 02:46:31,True
24,eamador@example.com,Christophe,Price,USA,freemium,2025-05-05 22:57:56,2025-11-10 15:09:22,True
25,bustamanteherberto@example.net,Ewald,Davis,CAN,freemium,2025-07-27 09:52:00,,True
26,pichonbernard@example.com,Recep,Perez,USA,freemium,2024-10-28 15:56:03,2025-11-14 22:58:12,True
27,ksans@example.com,Tristan,Rosado,FRA,freemium,2025-05-20 02:13:04,,True
28,fthibault@example.com,Lupe,Colomer,AUS,freemium,2025-04-04 03:54:22,2025-11-08 17:06:50,True
29,harveykimberly@example.net,Monique,Foster,AUS,freemium,2025-07-10 15:29:19,2025-11-09 00:20:03,True
30,masricardo@example.com,Burkhard,Roche,ITA,freemium,2025-11-02 13:27:35,2025-11-25 15:11:59,False
31,othibault@example.org,Jörgen,Bermejo,ESP,freemium,2025-04-02 05:54:38,,True
32,squintero@example.org,Yasemin,Biggen,ESP,premium,2025-04-04 11:26:55,2025-11-04 03:09:26,True
33,franciscaprat@example.com,Sergio,Pruvost,ITA,freemium,2025-04-13 08:17:43,,True
34,alejo32@example.org,John,Rogge,GBR,freemium,2025-04-09 05:02:31,2025-11-04 03:00:14,True
35,gllorente@example.net,Zoé,Gonzales,GBR,freemium,2024-01-29 16:25:11,2025-11-23 01:09:14,True
36,vthomas@example.org,Fernando,Jacobs,GBR,freemium,2025-08-16 15:24:59,2025-11-12 21:41:44,True
37,rafa63@example.net,Sabri,Lemonnier,CAN,freemium,2025-06-06 23:36:34,2025-11-12 19:26:40,True
38,cvasseur@example.org,Marianne,Thanel,USA,freemium,2024-12-21 14:28:27,2025-11-12 15:42:56,True
39,georgescharrier@example.net,Lieschen,Lachmann,AUS,freemium,2025-04-25 09:44:26,2025-11-20 15:52:33,True
40,michelle33@example.net,Augustin,Kerr,ITA,premium,2025-10-04 12:24:18,2025-11-26 13:49:26,True
41,dmosley@example.org,Jennifer,Berry,ESP,freemium,2025-02-09 15:49:34,2025-11-17 05:38:57,True
42,pstey@example.net,Julien,Yu,AUS,freemium,2025-07-31 04:36:32,2025-11-03 02:40:36,True
43,hwende@example.net,Herminia,Joubert,USA,freemium,2024-03-31 23:30:27,2025-11-17 17:45:32,True
44,darkoroerricht@example.com,Iker,Albert,ITA,freemium,2024-02-25 00:08:29,2025-11-01 06:06:58,True
45,mayte34@example.net,Sarina,Hicks,ITA,freemium,2025-02-20 06:39:55,,True
46,barrioisabela@example.com,Jeffrey,Fouquet,DEU,freemium,2025-10-16 19:13:47,2025-11-11 11:48:07,True
47,michaelcase@example.com,Anaïs,Sanchez,USA,premium,2025-04-05 01:25:48,,True
48,lemaireroger@example.com,Aleksandr,Huguet,ITA,freemium,2024-07-01 14:56:43,2025-11-27 01:53:09,True
49,celina70@example.org,Arthur,Bonnet,CAN,freemium,2023-12-21 04:21:59,2025-11-09 05:26:58,True
50,michael85@example.org,Teresa,Villa,DEU,freemium,2025-04-18 22:22:23,2025-11-05 04:45:28,True
51,martinsaturnino@example.com,Ahmet,Bohnbach,DEU,freemium,2025-06-24 17:39:24,,True
52,agnestexier@example.net,Alex,Irwin,DEU,freemium,2025-05-15 02:44:02,2025-10-31 22:08:04,True
53,amanda59@example.com,Tomislav,Pichon,GBR,freemium,2025-03-09 22:46:06,2025-11-17 08:46:23,True
54,butlercorey@example.net,Jérôme,Prince,GBR,freemium,2024-08-30 10:37:47,2025-11-03 07:54:41,True
55,fatima88@example.net,Albertine,Klemt,AUS,freemium,2025-03-17 13:29:32,,True
56,chauvincamille@example.net,Christa,Robinson,ITA,freemium,2025-05-09 16:34:15,2025-11-13 19:14:35,True
57,vmaillet@example.net,Andrée,Oneal,USA,freemium,2025-06-23 01:36:07,2025-11-10 03:15:24,True
58,manuelgray@example.org,Philip,Mendès,USA,freemium,2024-01-12 19:57:04,2025-11-09 15:43:58,True
59,noemihebert@example.com,Tina,Tolosa,ESP,freemium,2024-06-17 22:10:05,2025-11-19 21:05:13,True
60,sanchezauguste@example.net,Cristina,Bonnin,FRA,freemium,2024-10-21 09:56:29,2025-11-03 13:13:56,True
61,uriberosendo@example.org,Marine,De Oliveira,ESP,premium,2024-03-13 16:15:52,2025-11-07 12:25:26,True
62,agatheandre@example.org,Pancho,Holzapfel,AUS,freemium,2024-05-05 00:43:54,2025-11-09 09:26:10,True
63,kbejarano@example.org,Ingried,Gomez,GBR,premium,2025-08-03 00:01:06,2025-11-05 13:21:16,True
64,groettnerjulie@example.com,Ronald,Gonzalez,ITA,freemium,2025-02-01 03:33:19,,True
65,miguelamata@example.net,Henri,Beltran,DEU,freemium,2025-04-12 11:38:49,2025-10-30 19:58:20,True
66,jopichhalil@example.org,Denise,Lelièvre,CAN,premium,2025-04-16 02:58:57,2025-10-30 13:00:39,True
67,mohammedwohlgemut@example.org,Carl,Kerr,USA,freemium,2025-09-02 09:51:27,2025-11-04 22:20:33,True
68,zkelly@example.net,Alicia,Gómez,USA,freemium,2025-07-28 06:54:10,2025-11-19 20:21:09,True
69,rossimarc@example.org,Anni,Fields,CAN,freemium,2025-01-30 06:41:45,2025-11-20 03:23:17,True
70,carmelolillo@example.net,Margaux,Kallert,ITA,enterprise,2025-08-08 17:49:25,2025-11-25 02:24:28,True
71,nikohornich@example.org,Isaac,Vall,AUS,freemium,2024-10-06 14:43:40,,True
72,beerelif@example.org,Calixta,Peukert,ITA,freemium,2024-01-05 16:49:23,2025-11-10 22:43:03,True
73,andrewroerricht@example.com,Marine,Lucas,FRA,freemium,2024-10-02 23:13:05,2025-10-30 05:00:34,True
74,xdoehn@example.net,Aitor,Randall,ITA,freemium,2025-04-25 10:08:19,2025-11-23 13:53:39,True
75,claire38@example.org,Ivan,Harvey,USA,freemium,2024-09-10 14:36:51,,True
76,mayocleto@example.org,Meryem,Sullivan,DEU,freemium,2024-06-12 23:37:09,2025-10-31 11:32:46,True
77,justinboone@example.com,Tristán,Kühnert,GBR,premium,2024-12-05 08:12:43,2025-11-11 18:29:46,False
78,klopez@example.net,Karen,Schmidtke,FRA,freemium,2024-08-19 22:28:33,2025-11-23 02:41:34,True
79,nildanevado@example.net,Anne,Fontaine,DEU,premium,2025-08-27 00:51:45,2025-11-08 03:41:55,True
80,notto@example.com,Maxim,Grenier,GBR,premium,2024-08-03 14:31:56,2025-11-09 07:45:35,True
81,pbudig@example.net,Étienne,Rojas,AUS,freemium,2024-03-16 20:57:07,2025-11-13 21:34:04,True
82,zdowerg@example.net,Belen,Artigas,ESP,enterprise,2024-11-24 17:07:10,,True
83,tomasapuga@example.com,Nicole,Pellicer,USA,enterprise,2024-11-19 00:56:04,2025-11-21 07:08:43,True
84,edithletellier@example.net,Franco,Díez,AUS,freemium,2024-10-14 23:44:20,2025-11-02 11:17:18,True
85,qwhitaker@example.org,Stephen,Arnaiz,GBR,freemium,2024-11-12 14:04:13,,True
86,hernandeznico@example.net,Isidora,Parra,FRA,freemium,2024-05-27 12:17:33,2025-11-13 21:30:12,True
87,rodgersnicholas@example.org,Katherine,Zuniga,ITA,enterprise,2024-05-31 19:48:08,2025-10-31 17:29:47,True
88,qedwards@example.net,Ljiljana,Wilson,ITA,freemium,2024-04-21 06:16:59,2025-10-29 12:20:15,True
89,joestewart@example.com,Jean,Imbert,USA,freemium,2024-06-16 09:16:52,,True
90,sylvana62@example.org,Claire,Patterson,USA,freemium,2025-03-13 03:49:03,2025-11-05 04:39:42,True
91,theodora76@example.com,Deborah,Krebs,CAN,freemium,2024-09-07 14:14:52,2025-11-08 04:33:20,True
92,kkaul@example.net,Xavier,Velázquez,AUS,freemium,2025-05-31 20:39:28,2025-11-04 18:04:49,True
93,yjoubert@example.net,Marc,Maurice,GBR,freemium,2024-05-27 01:00:43,2025-10-30 10:37:34,True
94,gzabala@example.com,Ruperto,Royer,DEU,freemium,2025-09-08 08:27:27,2025-10-29 11:46:02,True
95,jonathanchavez@example.com,Kuno,Lindner,USA,freemium,2025-01-31 06:00:19,2025-11-28 00:26:13,True
96,nescalona@example.net,Megan,Trüb,FRA,freemium,2025-06-03 06:59:06,2025-11-12 21:02:06,True
97,jeffreybaldwin@example.net,Crystal,Baeza,AUS,enterprise,2025-10-30 14:08:16,2025-11-05 18:58:50,True
98,susan27@example.net,Margaux,Geißler,ESP,freemium,2024-04-30 16:02:00,2025-11-18 05:40:47,True
99,ebustos@example.org,Brigitte,Thanel,USA,freemium,2025-03-07 18:29:07,,True
100,kledoux@example.org,Michael,Vicens,ITA,freemium,2025-05-03 12:37:55,,True
101,hentschelmeral@example.org,Virginia,Duffy,CAN,premium,2023-12-25 20:09:02,,True
102,sigfridolanda@example.com,Desiderio,Lacombe,GBR,freemium,2024-04-03 11:59:32,2025-11-06 23:17:23,True
103,simongilles@example.com,Abraham,Matthews,GBR,freemium,2025-03-28 21:03:28,,True
104,climacogelabert@example.net,Jenaro,Cooper,ITA,premium,2025-04-08 02:58:25,2025-11-10 20:28:49,True
105,rcollins@example.com,Karen,Lane,ESP,freemium,2025-09-21 11:43:22,2025-11-02 22:07:28,True
106,encarna82@example.org,Charlotte,Patterson,GBR,freemium,2024-02-15 11:17:35,2025-11-07 03:23:17,True
107,geimer@example.net,Michael,Schwital,USA,freemium,2024-01-27 19:13:30,,True
108,randerson@example.net,Anunciación,Adam,AUS,freemium,2025-06-12 06:07:22,2025-10-30 03:53:11,False
109,audrey91@example.net,Cebrián,Robinson,DEU,enterprise,2024-06-21 14:28:59,2025-11-18 08:02:41,True
110,hurleyjoshua@example.com,Thomas,Arteaga,ITA,freemium,2024-12-28 22:24:10,2025-11-27 00:13:35,True
111,sarapierce@example.org,Vadim,Sorgatz,USA,premium,2024-07-10 07:33:23,2025-11-05 04:24:08,True
112,prudencio39@example.com,Margot,Boyd,AUS,freemium,2025-11-12 18:50:24,2025-11-19 16:16:02,True
113,salomesureda@example.net,Azucena,Johnson,ESP,freemium,2024-03-18 08:01:05,2025-11-24 09:03:43,True
114,hernando36@example.net,Fritz,Lefort,DEU,freemium,2024-08-30 03:00:14,2025-11-23 18:04:34,True
115,bbrown@example.net,Marcos,Nguyen,AUS,freemium,2024-12-04 12:53:55,2025-11-12 03:03:34,True
116,christellealexandre@example.net,Salvatore,Camps,AUS,enterprise,2024-08-03 10:21:30,,True
117,bsaeuberlich@example.net,Chad,Laporte,CAN,freemium,2025-08-11 09:43:53,2025-11-27 13:42:56,True
118,laurence66@example.com,Patricia,Barranco,GBR,freemium,2025-03-19 07:37:49,,True
119,fernandovara@example.org,Estrella,Clément,GBR,freemium,2025-10-24 08:26:26,2025-11-08 08:53:02,True
120,aheinz@example.com,Rüdiger,Hart,ESP,freemium,2025-05-06 12:07:00,2025-11-07 01:11:52,True
121,manongiraud@example.org,Alicia,Cole,ESP,freemium,2024-08-06 19:02:38,2025-11-26 22:31:17,True
122,de-sousaeric@example.com,Dolores,Vollbrecht,ESP,freemium,2024-11-13 20:27:06,2025-11-03 20:39:52,True
123,joaquincampos@example.com,Nathalie,Dalton,CAN,enterprise,2024-02-08 13:03:43,,False
124,nadeshdakiller@example.org,Warren,Kramer,FRA,freemium,2025-09-08 13:14:00,,True
125,samanthabrewer@example.net,Emily,Barthelemy,FRA,enterprise,2025-07-04 11:09:01,,True
126,chretienjacqueline@example.org,Elizabeth,Hancock,AUS,freemium,2024-04-19 23:04:07,,True
127,angelina74@example.net,Kay-Uwe,Charles,GBR,freemium,2025-11-21 08:03:33,2025-11-27 01:43:16,True
128,rudolphfolker@example.org,Kenan,Serna,ESP,premium,2024-10-22 14:56:35,,True
129,jjurado@example.org,Hortensia,Figueroa,ESP,freemium,2025-04-26 23:44:42,2025-11-26 04:18:08,True
130,anthony88@example.net,Petra,Stadelmann,ITA,freemium,2025-01-04 05:27:47,2025-11-25 16:17:10,True
131,ptaylor@example.org,Olivier,Hübel,AUS,freemium,2025-07-18 05:40:51,2025-11-14 11:05:59,True
132,theresegermain@example.com,William,Hartmann,ITA,freemium,2024-06-15 20:09:56,2025-11-02 05:40:19,True
133,jsorgatz@example.com,Nicolás,Junck,DEU,freemium,2024-07-08 05:01:03,2025-11-26 02:16:46,True
134,escalonapepita@example.net,Hugues,Budig,ESP,freemium,2025-05-02 09:43:31,2025-11-27 05:10:38,True
135,vincent84@example.com,Aurore,Pitts,FRA,freemium,2025-03-02 23:14:21,2025-11-20 05:15:26,True
136,ana40@example.org,Valeria,Palma,CAN,freemium,2024-04-21 00:30:28,2025-11-02 18:34:28,True
137,loechelkathleen@example.com,Lisa,Long,ITA,freemium,2025-01-12 18:37:13,2025-11-23 22:51:36,True
138,cornelius69@example.net,Aurore,Huhn,ITA,freemium,2025-01-25 15:17:27,,True
139,torresdavid@example.org,Thea,Guillaume,DEU,freemium,2025-11-09 17:59:51,2025-11-06 02:30:17,True
140,dgarrido@example.org,Doris,Águila,AUS,freemium,2025-08-28 23:04:23,,True
141,sochoa@example.net,Inmaculada,Fuente,AUS,freemium,2024-12-31 04:19:40,,True
142,jacquotsophie@example.com,Adrienne,Delorme,FRA,freemium,2023-12-07 01:01:59,,True
143,delaunayjacqueline@example.net,Kara,Bryant,USA,freemium,2024-04-27 12:08:52,2025-11-09 12:07:46,True
144,inocencio49@example.net,William,Huguet,CAN,freemium,2025-06-04 10:26:10,2025-11-25 06:35:33,True
145,brett23@example.com,Ulla,Lachmann,CAN,premium,2024-10-01 20:38:14,2025-11-24 14:04:20,True
146,teofila09@example.org,William,Fritsch,USA,enterprise,2025-11-11 15:53:19,2025-11-08 21:50:01,True
147,macegilles@example.org,Madeleine,Niemeier,ITA,freemium,2024-12-21 15:12:02,2025-11-03 00:21:04,True
148,florvila@example.com,Erin,Gonzales,ESP,freemium,2025-04-27 02:24:30,2025-10-31 09:10:40,True
149,porrasluciano@example.org,Carla,Villa,USA,premium,2025-01-20 13:22:03,2025-11-15 01:46:45,True
150,mzaenker@example.com,Baptist,Badía,CAN,enterprise,2023-12-27 08:52:24,,True
151,rcorbacho@example.org,Jordán,Vallée,FRA,freemium,2024-08-07 04:26:33,2025-11-03 16:06:26,True
152,eliaspulido@example.org,Lorenza,Oneal,GBR,premium,2025-10-29 06:30:54,2025-11-25 07:53:46,True
153,stephanieleduc@example.org,Rotraud,Navarro,AUS,freemium,2024-04-23 00:57:52,2025-11-10 00:31:30,True
154,anaisguichard@example.net,Frédéric,Leblanc,CAN,freemium,2025-05-16 23:38:50,,True
155,samantacosta@example.com,Hans Josef,Jackson,DEU,freemium,2024-05-31 22:27:40,2025-11-18 17:31:25,True
156,hgimenez@example.com,Margot,Ebert,ESP,freemium,2025-06-02 10:19:32,2025-11-23 05:47:14,True
157,david81@example.com,Hipólito,Rhodes,AUS,freemium,2025-05-10 10:58:01,,True
158,gosselinemilie@example.net,Igor,Woods,GBR,freemium,2025-03-10 18:09:26,2025-11-06 16:47:48,True
159,regina75@example.org,Klaus Peter,Da Costa,DEU,freemium,2025-02-16 15:33:05,2025-11-02 07:57:30,True
160,dschenk@example.net,César,Niemeier,USA,freemium,2024-08-16 10:06:09,2025-11-14 22:22:42,True
161,gilllisa@example.org,Erica,Ribera,DEU,freemium,2025-09-23 00:59:10,,False
162,adelinefinke@example.org,Joseph,Sanchez,ITA,freemium,2024-09-14 11:47:22,,True
163,garciachantal@example.net,Rico,Bas,DEU,freemium,2024-08-19 21:30:20,2025-11-27 08:03:46,True
164,dalila41@example.org,Azahara,Köster,USA,freemium,2025-02-26 00:56:43,2025-11-26 05:57:13,True
165,carliermartine@example.com,Dylan,Richard,GBR,premium,2024-03-17 11:04:44,2025-11-06 18:13:51,True
166,etzlerleonardo@example.net,Julie,Gude,DEU,freemium,2025-11-21 03:32:50,2025-11-05 08:51:07,True
167,girschneralban@example.com,Henning,Orozco,ITA,freemium,2024-10-16 18:29:02,,False
168,renata66@example.com,Florinda,Caron,CAN,freemium,2024-07-17 01:58:53,2025-11-05 13:17:57,True
169,chuyangulo@example.com,Noël,Fechner,FRA,freemium,2024-07-29 17:11:57,2025-11-02 20:41:28,False
170,susan18@example.org,Agnès,Conradi,CAN,freemium,2024-10-04 17:37:14,2025-11-12 14:08:32,True
171,nmiller@example.org,Teresa,Smith,FRA,freemium,2025-03-20 04:32:54,2025-11-17 13:53:16,True
172,vkade@example.org,Felisa,Roberts,ESP,freemium,2025-08-26 22:52:57,2025-11-26 12:51:39,True
173,jeanne38@example.com,Molly,Perret,ESP,premium,2024-05-02 08:58:17,2025-10-30 20:30:19,True
174,buttechantal@example.net,Yasemin,Conde,FRA,freemium,2024-09-17 08:27:54,2025-11-10 16:55:04,True
175,uramos@example.net,José Mari,Caron,ITA,freemium,2025-04-05 11:00:01,,True
176,fitzgeraldrebecca@example.com,Griselda,Tessier,FRA,premium,2024-06-25 15:10:08,,True
177,ccases@example.org,Kenneth,Smith,USA,freemium,2024-05-17 15:15:11,2025-11-16 22:25:57,True
178,wmacias@example.net,Michelle,Stephens,USA,freemium,2023-11-30 06:24:48,2025-11-11 23:11:18,True
179,pshepherd@example.net,Claus-Peter,Möchlichen,AUS,enterprise,2024-10-05 10:25:18,2025-11-11 05:58:28,True
180,brendamartin@example.com,Emmanuel,Montaña,USA,premium,2024-03-04 01:52:22,,True
181,felicianatrillo@example.org,Anne,Cole,AUS,freemium,2025-05-29 14:54:24,2025-11-07 12:20:12,True
182,sigismund92@example.net,Valérie,Bodin,FRA,premium,2024-05-01 15:42:08,2025-11-07 22:50:59,True
183,hmeyers@example.org,Selim,Guibert,FRA,freemium,2025-09-18 18:56:14,,True
184,maria-cristinapena@example.net,Grégoire,Flores,AUS,freemium,2024-09-06 01:35:40,,True
185,smoran@example.com,Philippine,Wilson,FRA,freemium,2025-09-20 00:17:24,2025-11-12 22:10:28,True
186,drodriguez@example.net,Jesusa,Nicolas,GBR,enterprise,2025-09-13 07:10:44,,True
187,zadams@example.org,Charles,Jones,CAN,enterprise,2024-01-30 19:15:02,,True
188,juliettebernard@example.net,Guenther,Castell,DEU,freemium,2024-11-25 17:05:20,2025-11-07 03:06:55,True
189,egon35@example.com,Lidwina,Neuschäfer,CAN,freemium,2024-08-16 23:32:46,2025-11-08 00:24:42,True
190,piresclaude@example.com,Donald,Gonzalez,ESP,freemium,2025-06-30 08:24:38,2025-11-07 14:32:20,True
191,pallaresdebora@example.net,Hannah,Dickson,CAN,freemium,2025-02-17 21:29:16,,False
192,gilbertdupre@example.com,Connie,Fernandes,CAN,freemium,2024-04-11 02:22:45,2025-11-12 02:39:48,True
193,jose-carlosmiro@example.net,Elisabet,Coste,GBR,freemium,2024-05-30 03:41:34,2025-11-09 21:16:48,True
194,ysmith@example.org,Donato,Seco,AUS,freemium,2024-04-28 12:08:53,2025-11-03 15:12:30,True
195,mahealexandre@example.org,Emily,Trommler,CAN,freemium,2025-10-15 16:49:24,2025-10-29 22:15:24,True
196,jacinta18@example.com,Christopher,Davis,AUS,premium,2025-11-18 16:20:09,2025-11-27 12:52:31,True
197,qmarquez@example.com,Graciela,Abbott,ITA,freemium,2025-02-09 09:52:45,2025-11-19 14:58:46,True
198,ginojaentsch@example.org,Susana,Julien,AUS,freemium,2025-06-13 23:27:06,,True
199,gutierrezrobert@example.net,Gloria,Deleon,DEU,enterprise,2024-06-26 06:32:10,,True
200,adelardo24@example.net,Charles,Dean,USA,freemium,2025-04-05 06:43:37,2025-11-06 13:38:48,True
201,nsancho@example.net,Marieluise,Pereira,CAN,freemium,2024-05-07 12:21:34,2025-11-20 16:27:16,True
202,odiaz@example.net,Hedwig,Guichard,USA,enterprise,2025-01-27 19:14:08,2025-11-25 00:33:59,False
203,andre37@example.com,Tabea,Wulff,DEU,freemium,2024-03-31 21:21:15,2025-11-06 13:03:34,True
204,emiliaberenguer@example.net,Pastora,Heser,DEU,enterprise,2025-08-31 02:41:19,2025-11-09 16:54:08,False
205,fjulien@example.com,Nathaniel,James,ESP,freemium,2025-03-14 09:50:42,2025-10-30 05:59:46,True
206,qvidal@example.org,Regina,Richardson,CAN,freemium,2025-02-11 14:43:22,2025-11-20 14:46:17,True
207,jacquotrichard@example.net,Claude,Long,ITA,freemium,2024-07-22 20:14:52,2025-11-04 08:29:31,True
208,schlosserherrmann@example.com,Guillaume,Holsten,ITA,freemium,2024-07-25 02:26:28,2025-11-01 09:38:11,True
209,marc85@example.net,Ludwina,Williams,FRA,freemium,2025-09-23 22:28:54,,True
210,nestor03@example.org,Artemio,Perry,AUS,freemium,2025-04-26 21:39:31,2025-11-26 00:43:30,True
211,ihendriks@example.net,Théophile,Klemt,DEU,enterprise,2024-03-26 08:23:35,2025-10-30 12:59:01,True
212,juan-antonio92@example.net,Román,Gertz,GBR,freemium,2025-02-08 02:43:16,2025-11-16 17:58:42,True
213,garciadavid@example.org,Christopher,Hermann,ITA,freemium,2025-01-28 07:25:00,2025-11-21 08:52:43,True
214,trubinkarin@example.org,Éric,Roma,GBR,freemium,2024-10-17 19:26:37,2025-11-03 21:24:57,True
215,sansmartin@example.com,Eugène,Robles,FRA,freemium,2024-02-03 09:18:05,2025-11-02 04:52:30,True
216,vjuettner@example.com,Estefanía,Adam,ITA,enterprise,2025-11-20 16:08:10,2025-11-23 17:21:31,True
217,lucilamata@example.net,Cécile,Hermighausen,DEU,premium,2024-10-10 06:48:52,,True
218,jschuchhardt@example.org,Änne,Madrid,DEU,freemium,2024-10-18 04:55:02,,True
219,scottmartin@example.org,Sabas,Jacobs,DEU,freemium,2025-09-28 15:16:13,2025-11-15 20:12:42,True
220,gomezraymond@example.com,Luce,Stolze,GBR,freemium,2025-01-21 14:36:12,2025-11-17 14:24:47,True
221,holgerbender@example.net,Ina,Bodin,AUS,enterprise,2023-12-18 01:10:59,2025-11-12 14:55:02,True
222,lorenzo00@example.org,Lisandro,Morris,DEU,freemium,2024-09-09 00:47:23,2025-11-07 21:27:44,True
223,victor54@example.org,Hansjoachim,Ring,FRA,freemium,2024-03-01 22:01:45,2025-11-15 06:42:07,True
224,hda-silva@example.com,María Luisa,Portillo,GBR,freemium,2025-02-10 19:04:01,2025-11-03 04:21:33,True
225,tamarapina@example.com,Abilio,Téllez,DEU,freemium,2024-12-13 09:13:56,,True
226,wwright@example.org,Vicente,Acero,ESP,freemium,2025-02-12 05:42:02,2025-11-21 13:49:28,False
227,klosada@example.net,María Manuela,Pellicer,ITA,freemium,2025-09-04 08:50:01,2025-11-25 23:47:52,True
228,itziarmurcia@example.com,Paula,Couturier,USA,premium,2025-09-20 00:57:37,,True
229,saritatorrijos@example.org,Maryse,Gordon,USA,freemium,2023-12-22 10:08:27,2025-11-22 03:02:04,True
230,uzamorano@example.com,Hortense,Salmon,USA,freemium,2024-01-22 22:48:27,2025-11-05 14:12:40,True
231,cristobalbarral@example.net,Lucy,Kallert,DEU,freemium,2024-04-18 03:59:55,,True
232,paloma97@example.com,Jennifer,Zimmer,AUS,freemium,2025-07-27 17:54:18,2025-11-11 09:14:34,True
233,andrew47@example.org,Sophie,Anderson,USA,freemium,2025-11-07 23:50:12,2025-11-02 12:52:26,True
234,esacristan@example.com,Kimberly,Hermann,ITA,freemium,2024-01-02 04:17:19,,True
235,gonzalezkayla@example.net,Thibault,Chang,AUS,freemium,2024-03-28 00:18:23,,True
236,mariano75@example.org,Gala,Aranda,DEU,freemium,2024-11-18 00:46:16,2025-11-20 12:32:21,True
237,lcaldwell@example.net,Tonya,Louis,ESP,premium,2025-07-27 06:11:19,2025-11-19 19:33:28,True
238,codyanderson@example.com,Dino,Ramis,FRA,freemium,2024-06-09 11:27:54,2025-11-11 08:34:50,True
239,mirallesalejo@example.com,Brian,Henschel,ITA,freemium,2025-10-16 14:42:57,2025-11-16 22:31:17,True
240,irena76@example.org,Teodoro,Lombard,ITA,freemium,2025-05-07 18:32:32,2025-11-22 06:43:16,True
241,dorotea73@example.org,Lucas,Arregui,FRA,freemium,2025-06-12 01:42:24,2025-10-30 13:12:23,True
242,van-der-dussennikolas@example.org,Michael,Zänker,AUS,enterprise,2025-08-27 23:12:39,,True
243,hipolito22@example.com,Daniel,Vogt,GBR,freemium,2024-06-14 06:43:29,2025-11-16 04:10:49,True
244,lucelacombe@example.com,Léon,Haynes,ESP,freemium,2025-06-12 06:26:32,2025-11-26 04:39:17,True
245,ackermannsybille@example.com,Leo,Benson,FRA,freemium,2024-12-27 08:18:05,,True
246,pierre42@example.org,Katie,Martineau,ITA,freemium,2025-03-28 04:57:29,,True
247,jcastejon@example.com,Gaspar,Llorens,CAN,freemium,2025-07-20 12:23:20,2025-11-01 19:51:35,True
248,yimbert@example.com,Vincent,Wähner,AUS,freemium,2024-12-13 00:04:07,2025-11-11 02:03:52,True
249,bernard38@example.org,Patricia,Cuéllar,CAN,freemium,2025-08-02 17:43:11,2025-11-16 05:00:45,True
250,aurelie53@example.org,Timm,Atkins,ESP,freemium,2025-04-30 00:17:42,2025-11-10 14:01:57,True
251,igardner@example.org,Randy,Sobrino,AUS,freemium,2025-03-08 05:51:44,,True
252,virgilio29@example.org,Jost,Rörricht,USA,freemium,2023-12-23 06:15:53,2025-11-24 11:48:13,True
253,hans-albertbolzmann@example.org,Jennifer,Lachmann,USA,freemium,2024-06-28 09:23:28,2025-11-13 08:37:44,True
254,ale60@example.org,Marcus,Willis,DEU,freemium,2025-03-18 13:26:42,2025-11-21 18:21:45,True
255,geraldine87@example.org,Joshua,Wieloch,ITA,freemium,2025-03-03 13:44:41,2025-11-27 06:59:55,True
256,haticejunken@example.org,Kurt,Barranco,AUS,freemium,2025-03-15 13:27:49,2025-11-27 22:13:04,True
257,emile38@example.org,Peter,Adolph,ESP,freemium,2024-07-05 09:00:19,2025-11-03 04:11:04,True
258,wagnerbernfried@example.net,Richard,Scheel,CAN,enterprise,2025-05-02 16:18:28,2025-11-18 01:29:31,True
259,jeannebouvier@example.org,Caitlin,Stein,GBR,enterprise,2024-09-18 23:25:42,,True
260,cruzbruce@example.org,Anni,Reyes,DEU,premium,2025-01-18 00:46:40,,True
261,martinezmartina@example.com,Gilles,Klemm,FRA,premium,2025-07-08 13:07:28,2025-11-13 22:18:16,True
262,james28@example.com,Aurélie,Tormo,CAN,freemium,2024-02-07 12:37:07,2025-11-17 23:27:36,True
263,qmeunier@example.org,Timothée,Gérard,USA,enterprise,2024-10-06 16:26:03,2025-11-04 21:28:22,True
264,alisha21@example.com,Marcel,Márquez,USA,freemium,2024-04-17 15:19:23,2025-11-07 15:07:57,True
265,antonio17@example.org,Humberto,Macias,ESP,premium,2025-02-27 08:41:45,2025-11-06 00:18:34,True
266,tsmith@example.org,Miguel,Jacobi Jäckel,FRA,premium,2024-01-17 01:35:10,,True
267,ealegre@example.com,Merche,Williams,ESP,freemium,2024-06-28 13:39:09,2025-11-20 16:39:07,True
268,gosselinvirginie@example.com,Michèle,Hebert,CAN,freemium,2023-12-30 08:55:05,2025-11-26 21:07:33,True
269,tristanruiz@example.net,Henry,Descamps,USA,freemium,2025-04-03 03:59:04,2025-11-04 03:55:31,True
270,ydias@example.net,Hugues,Pratt,USA,freemium,2025-03-02 09:03:48,,True
271,pazsolsona@example.org,Goyo,Junitz,GBR,freemium,2024-12-11 05:05:26,,True
272,amandahayes@example.net,Benjamin,Ruano,ITA,freemium,2024-06-27 03:16:38,2025-10-29 08:25:57,True
273,jennifer04@example.net,Victor,Gimenez,CAN,freemium,2025-04-08 06:00:35,2025-11-18 16:31:12,True
274,laura53@example.com,Lukas,Hauffer,DEU,premium,2024-06-19 09:19:02,2025-11-08 23:11:59,True
275,jsantiago@example.com,Eufemia,Monnier,DEU,premium,2025-04-12 23:31:25,,True
276,guyotalphonse@example.com,Gero,Checa,CAN,premium,2024-01-11 01:09:16,2025-10-29 08:19:33,True
277,solerateo@example.com,Teo,Valentín,ITA,freemium,2024-02-24 04:21:43,2025-11-24 17:59:38,True
278,escobargoyo@example.net,Judith,Artigas,ESP,premium,2025-11-09 13:11:50,2025-11-25 09:44:27,True
279,jkaufman@example.net,Sonia,Peterson,USA,freemium,2024-02-14 12:07:21,2025-11-26 05:47:34,True
280,amberfuentes@example.net,Sean,Murray,FRA,freemium,2025-06-05 12:23:01,,True
281,diazjacques@example.net,Candela,Kim,AUS,freemium,2025-01-26 09:30:00,2025-11-26 21:54:57,True
282,iljagotthard@example.net,Melissa,Geisel,ESP,freemium,2024-07-26 15:03:32,,True
283,consuela14@example.net,Céline,Hebert,AUS,freemium,2025-10-07 16:07:16,2025-11-28 01:57:55,True
284,adanrene@example.net,Semra,Jacquot,DEU,premium,2024-04-10 18:08:55,,True
285,gleroy@example.net,Benoît,Rey,FRA,premium,2025-09-05 07:47:24,2025-11-19 16:07:04,True
286,nadja35@example.com,Randolf,Blin,DEU,freemium,2025-07-11 21:10:11,2025-11-25 04:34:47,True
287,robertsonbrent@example.net,Betti,Lawrence,ITA,freemium,2025-08-03 00:27:30,2025-11-20 23:11:17,True
288,ncorbacho@example.com,Mirko,Harrison,DEU,freemium,2024-03-01 02:03:11,2025-11-20 13:26:54,True
289,ricardocollado@example.org,Muharrem,Calderon,AUS,freemium,2025-05-21 09:19:33,2025-11-09 05:29:19,True
290,martinezmireia@example.com,Célina,Eckbauer,DEU,freemium,2025-04-09 21:28:15,2025-11-22 14:50:59,True
291,ibecker@example.net,Philippe,Guillen,DEU,freemium,2024-09-22 14:48:17,,True
292,dominique75@example.org,Godofredo,Martinez,ITA,freemium,2024-02-13 22:52:07,2025-10-31 21:10:02,True
293,cguijarro@example.org,Thomas,Marco,AUS,freemium,2025-08-11 02:51:44,2025-11-03 20:16:53,True
294,henryhannah@example.net,Alberto,Rivera,FRA,freemium,2024-04-15 03:44:19,2025-11-13 10:31:40,True
295,reinhart06@example.com,Manola,Leclerc,FRA,freemium,2025-01-02 06:40:36,2025-11-28 02:58:33,True
296,evanwatts@example.net,Severiano,Ledoux,CAN,freemium,2024-12-10 17:45:37,,True
297,palaudionisia@example.com,Felizitas,Wilson,FRA,freemium,2025-02-12 20:47:47,2025-10-30 15:39:44,True
298,wperales@example.net,Hans,Heß,AUS,freemium,2024-11-22 09:52:55,,True
299,jacobspeter@example.org,William,Marques,AUS,freemium,2025-08-08 08:57:21,,True
300,feliciahawkins@example.com,Louise,Rousseau,DEU,freemium,2025-08-14 18:14:46,2025-11-20 23:07:02,True
301,daniel50@example.com,Fernando,Gonzalo,USA,freemium,2024-06-07 08:36:50,,True
302,liawende@example.net,Shawn,Heser,GBR,freemium,2025-04-13 04:25:47,,True
303,wdrewes@example.net,Walter,Losekann,FRA,freemium,2024-05-14 21:37:01,2025-11-04 00:11:39,True
304,psuarez@example.net,Alice,Coste,AUS,freemium,2025-07-27 04:13:45,,True
305,baldomero21@example.net,Christina,Hammond,USA,freemium,2023-12-04 16:57:35,,True
306,tmaillard@example.com,Feliciano,Briones,ESP,premium,2025-03-10 19:13:12,2025-11-06 17:14:00,True
307,constance46@example.net,Marie,Mills,AUS,freemium,2024-11-20 22:58:08,2025-11-27 12:24:20,True
308,orozcoalison@example.net,Michelle,Manzano,CAN,freemium,2025-02-22 16:16:24,,True
309,vfajardo@example.com,Rachel,Rousset,USA,freemium,2025-04-26 11:13:13,2025-11-15 18:16:00,True
310,arribasemiliano@example.com,Klaus-Michael,Vasseur,FRA,freemium,2024-05-23 10:59:53,,True
311,castrotania@example.net,Geneviève,Lemonnier,DEU,premium,2024-10-03 15:18:19,,True
312,theodorereynaud@example.com,Audrey,Stadelmann,ITA,freemium,2024-01-26 14:59:53,2025-10-30 00:29:07,False
313,theodore82@example.com,Céline,Palma,AUS,freemium,2024-02-04 21:02:56,2025-11-21 02:53:36,True
314,blancocarmelo@example.org,Luciano,Léger,AUS,freemium,2024-09-29 01:29:35,2025-11-14 09:51:21,True
315,djuettner@example.com,José Luis,Mckinney,USA,enterprise,2024-06-04 07:45:17,2025-11-11 06:00:36,True
316,elivingston@example.com,Alfonso,Wood,CAN,freemium,2025-03-05 15:07:04,2025-11-20 15:30:15,True
317,gitte59@example.net,Bianka,Agudo,CAN,freemium,2024-03-30 21:39:31,2025-11-04 15:36:03,True
318,mirtapablo@example.net,Deborah,Kostolzin,GBR,freemium,2024-09-19 01:33:00,2025-11-02 20:56:28,True
319,gwallace@example.com,Ariel,Jones,CAN,freemium,2024-09-18 04:28:28,,True
320,nicole30@example.net,Philippine,Cánovas,GBR,freemium,2024-01-22 08:41:33,2025-11-07 03:19:46,False
321,atienzaazahar@example.com,Azucena,Marco,ESP,enterprise,2025-06-23 21:47:49,2025-11-19 17:26:42,True
322,philippinecohen@example.net,Lourdes,Hughes,ESP,premium,2024-07-10 19:42:24,2025-11-20 17:26:12,True
323,bruderalessandro@example.com,Patricia,Kabus,AUS,freemium,2024-09-25 21:27:09,2025-11-15 11:59:36,True
324,rhondanorris@example.org,Susan,Carpio,FRA,freemium,2023-12-11 03:03:40,2025-11-08 18:33:45,True
325,barbara50@example.org,Sibel,Thompson,CAN,enterprise,2025-08-18 05:03:15,2025-11-13 05:46:51,True
326,roccoweller@example.com,Anastasie,Tena,GBR,freemium,2025-08-17 15:38:22,,True
327,carmine04@example.com,Dalila,Nerger,CAN,premium,2025-03-03 11:31:35,,True
328,francesco95@example.com,Edward,Seguin,ESP,freemium,2024-12-16 08:33:01,2025-11-18 17:29:47,True
329,emartin@example.net,Benita,Lefort,GBR,freemium,2024-11-04 11:04:21,,True
330,fimbert@example.com,Alwin,Perry,ESP,freemium,2024-11-14 18:42:25,2025-10-30 20:46:12,True
331,andrew28@example.com,Rachel,Belmonte,DEU,enterprise,2024-08-10 14:33:33,,True
332,michael25@example.net,Ben,Käster,USA,freemium,2025-07-28 01:35:03,2025-11-18 17:47:11,True
333,fvega@example.org,Miguel Ángel,Camus,GBR,freemium,2024-06-22 21:44:21,,True
334,heckerangelo@example.org,Maurice,Reed,ITA,enterprise,2025-05-03 17:11:19,,True
335,agnieszka37@example.com,Carmelita,Rubio,GBR,freemium,2025-06-05 11:29:25,,False
336,ashley19@example.org,Julien,Collin,CAN,freemium,2025-02-19 15:48:26,,True
337,juanitoalvarez@example.net,Wilfredo,Zorbach,ITA,freemium,2025-09-01 15:09:26,,True
338,gerfriedweitzel@example.org,Sabina,Nette,FRA,premium,2024-12-21 08:57:47,,True
339,oliverbarth@example.org,Heliodoro,Mentzel,AUS,freemium,2025-11-08 15:50:33,,True
340,fitzpatrickstephanie@example.org,Sahin,Schweitzer,DEU,freemium,2025-01-06 08:38:07,,True
341,vmatthaei@example.org,David,Mckinney,AUS,freemium,2024-07-11 07:19:16,,True
342,rohlederfranz-xaver@example.com,Brita,Cuenca,ITA,freemium,2024-11-24 21:13:35,2025-11-15 04:54:01,True
343,bousquetsabine@example.com,Guadalupe,Alberola,DEU,enterprise,2024-07-28 07:52:18,2025-10-31 10:15:01,True
344,carstentaesche@example.com,Heidrun,Gonzalez,ITA,freemium,2024-04-20 08:25:25,,True
345,arnaude04@example.org,Daniel,Keller,DEU,enterprise,2024-07-19 00:39:03,,True
346,carlierzacharie@example.com,Emmanuelle,Gutiérrez,GBR,freemium,2024-02-29 19:35:38,2025-11-26 03:27:29,True
347,caminoirene@example.com,Arnaude,Ballesteros,USA,freemium,2025-03-04 19:15:17,2025-11-27 07:45:30,True
348,bseguin@example.com,Robert,Dörr,USA,enterprise,2024-07-11 15:22:16,2025-11-08 11:56:59,True
349,hpenas@example.com,Courtney,Pierre,ITA,freemium,2025-10-09 21:10:44,2025-11-23 01:37:55,True
350,nurettin31@example.org,Emmanuel,Caspar,FRA,freemium,2025-05-27 13:26:21,2025-11-11 10:13:24,True
351,iriarteeutimio@example.org,Dorothea,Reina,FRA,freemium,2025-03-25 20:38:59,2025-11-21 03:33:31,True
352,rremy@example.net,Lucas,Castell,ITA,enterprise,2024-08-30 11:00:57,,True
353,leonard69@example.com,Jeannine,Boyer,USA,enterprise,2024-02-20 08:38:53,2025-11-25 14:14:41,True
354,xschueler@example.org,Manon,Valentine,FRA,freemium,2024-04-21 06:54:40,2025-11-16 21:01:48,True
355,randolphkevin@example.org,Kurt,Ford,FRA,freemium,2025-03-28 22:24:44,2025-11-13 03:55:17,True
356,guyweber@example.org,Corinne,Keith,DEU,freemium,2024-12-05 19:21:03,2025-11-04 16:38:39,True
357,upergande@example.com,Vasco,Fernandez,CAN,premium,2023-12-05 06:17:57,,True
358,randy84@example.net,Marco,Dobes,ITA,freemium,2025-10-23 04:18:15,2025-10-31 00:23:37,True
359,stephaniegodard@example.org,Kata,Gual,FRA,freemium,2024-09-05 15:50:59,2025-11-13 23:40:08,True
360,susanne40@example.org,Marc,Fernandes,FRA,enterprise,2024-02-03 12:31:50,2025-11-09 08:45:35,True
361,conradigeorgia@example.org,Martine,Ebert,CAN,freemium,2024-03-14 12:51:48,2025-11-24 09:09:06,True
362,llouis@example.net,Arnim,Seifert,FRA,freemium,2024-05-09 10:08:53,2025-11-10 22:09:25,True
363,maricela36@example.com,Danielle,Knappe,ITA,freemium,2024-11-13 22:07:18,2025-11-01 19:55:00,False
364,scain@example.net,Waltraut,Leon,GBR,freemium,2024-04-06 01:53:01,2025-11-14 01:33:58,True
365,aday@example.com,Linda,Huet,FRA,freemium,2025-02-12 02:53:54,2025-11-05 07:08:32,True
366,carmelitacadenas@example.com,Anouk,Mathieu,CAN,freemium,2024-01-04 04:05:47,,True
367,adela72@example.com,Justin,Adadia,GBR,freemium,2025-07-05 11:59:11,2025-11-23 11:25:47,True
368,whitecaleb@example.org,Robert,Velazquez,DEU,freemium,2024-03-21 03:27:05,2025-11-05 18:05:27,True
369,derekwilson@example.net,Xavier,Ledoux,CAN,freemium,2024-12-30 01:01:45,2025-11-25 14:22:04,True
370,zdavis@example.org,Hans-Theo,Döring,FRA,freemium,2024-03-07 04:08:10,,True
371,pascual51@example.com,Heide,Johann,CAN,freemium,2024-12-04 06:03:35,2025-11-14 10:39:29,True
372,meadowsrobyn@example.com,Resi,Petersen,GBR,freemium,2025-02-25 01:49:00,2025-11-05 09:46:57,True
373,michelblanc@example.com,Margaud,Palmer,ESP,freemium,2025-01-01 03:56:06,,True
374,ramosclemence@example.com,Eustaquio,Shields,ESP,freemium,2025-02-11 00:15:34,,True
375,olegrand@example.net,Mattias,Becker,USA,freemium,2025-05-09 05:05:06,2025-11-08 00:19:58,True
376,hurtadoiker@example.com,Leire,Geißler,ESP,freemium,2025-03-09 16:31:41,2025-10-30 19:27:25,True
377,xgray@example.com,Michèle,Smith,ESP,freemium,2025-01-18 15:36:17,2025-11-27 16:05:11,True
378,danielnelson@example.net,Venceslás,Lübs,ESP,freemium,2024-01-30 19:59:08,,True
379,marcosoliveras@example.org,Luciana,Hauffer,AUS,freemium,2024-08-28 14:24:07,2025-11-11 02:38:31,True
380,margaret70@example.com,Samuel,Hubert,DEU,freemium,2025-06-24 21:10:16,2025-11-18 09:33:19,True
381,stoneanthony@example.com,Viviane,Legrand,USA,freemium,2025-10-27 13:21:45,,True
382,njackson@example.com,Jennifer,Köster,ITA,freemium,2023-12-11 02:28:55,2025-11-28 01:24:51,True
383,noelhenri@example.net,Cathy,Labbé,USA,premium,2024-02-22 18:15:06,2025-11-13 15:29:13,True
384,ditschlerinwalter@example.com,Virginia,Le Gall,DEU,freemium,2025-04-19 22:21:04,,True
385,blanesfernanda@example.net,Jörgen,Willis,GBR,freemium,2024-01-13 23:36:38,,True
386,fkrebs@example.com,Yasemin,Lefebvre,AUS,premium,2024-05-14 17:33:47,,True
387,stephaniemeyer@example.net,Concepción,Löffler,GBR,freemium,2025-06-15 04:41:11,2025-11-09 11:33:37,True
388,descampschristophe@example.org,Matthew,Weiss,GBR,freemium,2024-08-22 00:15:56,2025-11-20 08:26:22,True
389,twright@example.org,María Jesús,Gross,FRA,freemium,2025-05-20 16:04:22,,True
390,estevezcatalina@example.net,Brandi,Bähr,ESP,freemium,2024-02-16 00:26:47,2025-11-09 22:06:43,True
391,emiliereichmann@example.org,Mikhail,Porras,AUS,freemium,2024-03-30 18:26:46,,False
392,etienne07@example.net,Clémence,Da Costa,CAN,premium,2025-10-27 09:02:56,2025-11-20 21:54:48,True
393,qmeyer@example.net,Mary,Pierre,CAN,freemium,2025-02-19 17:11:14,2025-11-17 20:50:14,True
394,fwagner@example.org,Édith,Rudolph,GBR,premium,2024-11-02 18:24:26,2025-11-24 02:50:48,False
395,frankereimar@example.net,Ryan,Gosselin,USA,freemium,2025-11-08 10:15:03,2025-11-27 04:51:18,True
396,olivier41@example.net,Monique,Thanel,GBR,freemium,2024-01-02 18:57:44,2025-11-16 22:18:24,True
397,ksalz@example.com,Cándido,Zabaleta,GBR,freemium,2025-11-18 05:50:22,2025-11-18 21:49:56,True
398,pamelahudson@example.com,Hugues,Radisch,USA,enterprise,2024-04-25 04:36:27,,True
399,zgierschner@example.net,Genoveva,Miller,AUS,freemium,2025-10-04 08:05:15,2025-11-03 23:05:13,True
400,andrewscody@example.net,Jiri,Gunpf,AUS,freemium,2024-12-11 12:24:49,2025-11-13 13:02:11,True
401,smichaud@example.com,Angelique,Ehlert,ESP,enterprise,2024-08-29 17:40:05,,False
402,jrodrigues@example.com,Lambert,Rörricht,GBR,freemium,2025-03-14 05:15:56,2025-11-02 01:23:41,True
403,rouxsimone@example.org,Cord,Brown,USA,premium,2025-02-04 00:11:14,2025-11-08 15:44:42,True
404,katelyn48@example.org,Amy,Stephens,ESP,freemium,2025-04-03 12:45:34,2025-11-15 07:44:21,True
405,placonstanza@example.org,Crystal,Vidal,ESP,freemium,2025-08-19 17:59:34,,True
406,fduenas@example.com,Capucine,Krause,AUS,freemium,2024-06-28 09:14:41,,True
407,gesche92@example.net,Zoé,Rodríguez,CAN,enterprise,2025-04-08 02:57:30,,True
408,rosendamulet@example.net,David,Thomas,DEU,freemium,2024-07-18 18:20:11,2025-11-26 15:58:50,True
409,zpeltier@example.com,Sedat,Ferrández,DEU,freemium,2025-03-06 21:25:59,2025-11-22 14:45:35,True
410,gretl57@example.net,Martin,Guibert,USA,freemium,2025-08-17 09:28:16,2025-11-25 19:50:16,True
411,daniel25@example.com,Christopher,Haro,GBR,premium,2024-07-13 19:29:07,,True
412,yolivares@example.com,Mariana,Blanes,AUS,freemium,2025-07-08 20:02:00,2025-11-08 03:45:26,True
413,lenoiragathe@example.com,Julio,Stewart,FRA,freemium,2024-06-15 04:28:41,2025-11-25 02:51:05,True
414,scott66@example.com,Anne,Dupré,USA,freemium,2024-09-17 11:35:22,2025-11-23 07:01:55,True
415,ahmet13@example.org,Ignacia,Gomez,ESP,freemium,2024-03-22 02:38:52,,True
416,gary09@example.net,Clara,Peron,ESP,freemium,2025-10-31 10:59:21,,True
417,claus-peterfaust@example.net,Jeannine,Bourgeois,AUS,freemium,2025-08-21 22:38:07,2025-11-16 19:34:33,True
418,christopher77@example.com,Alcides,Santos,CAN,freemium,2025-04-27 06:45:38,,True
419,diane52@example.net,Tristán,Tolosa,AUS,freemium,2025-03-03 01:47:47,2025-11-24 08:15:25,True
420,cllobet@example.net,Christina,Davidson,FRA,freemium,2024-06-08 11:19:49,2025-11-24 11:58:37,True
421,njulian@example.org,Fabián,Gerlach,DEU,freemium,2025-10-12 15:58:00,2025-11-13 04:34:36,True
422,fadimereinhardt@example.com,Daniel,Stiffel,USA,freemium,2024-08-30 00:08:34,2025-11-20 06:37:35,True
423,holthans-jochen@example.org,Artemio,Mathis,AUS,freemium,2023-12-15 06:39:18,2025-11-03 02:47:50,True
424,ealexandre@example.com,Karl-Hermann,Ferrand,ESP,freemium,2024-05-05 20:45:33,,True
425,michelle02@example.net,Olegario,Jefferson,FRA,freemium,2024-07-18 13:18:16,,True
426,april10@example.com,Nick,Dörschner,DEU,freemium,2024-11-10 00:17:27,,True
427,gina30@example.net,Justine,Rosenow,GBR,freemium,2024-10-12 16:17:04,2025-11-05 15:56:25,True
428,sabrinaeaton@example.org,Melissa,Keudel,CAN,freemium,2024-11-23 01:16:59,,True
429,ferreiraluce@example.org,Katherine,Hoffman,FRA,freemium,2024-04-23 13:09:27,2025-11-21 05:33:01,True
430,beanjose@example.org,Tiffany,Carretero,DEU,freemium,2025-02-11 08:33:43,,True
431,luceperez@example.com,Marie-Therese,Pujol,USA,premium,2025-08-11 13:08:49,,True
432,cchaves@example.net,Renate,Gallagher,AUS,freemium,2024-06-27 00:44:30,2025-11-06 23:52:24,True
433,osmankarge@example.net,Susan,Mcdonald,AUS,freemium,2025-06-26 01:12:02,2025-11-02 06:28:00,True
434,ainara14@example.org,Desiree,Johnston,USA,freemium,2024-01-17 18:46:47,2025-11-14 07:07:58,True
435,victorinoamo@example.org,Charles,Hübel,AUS,freemium,2024-10-08 22:58:05,,True
436,duboisantoinette@example.net,Nicanor,Speer,GBR,premium,2025-08-10 10:19:40,2025-11-01 23:53:38,True
437,andres-felipe21@example.org,Lucy,Harris,ITA,enterprise,2025-09-04 19:11:25,2025-11-21 11:13:24,True
438,hilda88@example.org,Noémi,Thomas,USA,freemium,2025-03-30 03:21:45,2025-11-05 03:05:50,True
439,gordonemily@example.net,Birgit,Morvan,ITA,enterprise,2025-01-10 16:00:16,2025-11-21 19:02:25,True
440,ines44@example.com,Benoît,Pohl,FRA,freemium,2024-01-15 12:29:29,2025-11-09 09:34:11,True
441,arielpalomar@example.com,Jean,Dussen van,ESP,freemium,2023-12-31 15:57:16,2025-11-13 08:33:56,True
442,locana@example.com,Friedhelm,Hein,ESP,premium,2024-09-01 10:31:16,2025-11-09 14:13:57,True
443,lucie28@example.net,Alex,Seip,DEU,freemium,2024-05-16 16:40:41,,True
444,bloiseau@example.com,Korinna,Schönland,GBR,freemium,2024-07-05 09:07:29,2025-11-26 10:04:56,True
445,oribeiro@example.net,Aldo,Börner,DEU,enterprise,2024-07-30 01:18:46,2025-11-17 00:41:04,True
446,ichretien@example.com,Éléonore,Azorin,USA,freemium,2025-02-17 07:19:27,2025-11-15 20:04:33,True
447,ianjackson@example.net,Brigitte,Baquero,USA,freemium,2024-12-26 22:28:54,,False
448,konstantinospatberg@example.org,Émilie,Hoarau,ITA,freemium,2024-07-13 03:46:04,2025-11-13 16:37:36,True
449,fvalverde@example.net,Geneviève,Bertrand,ESP,freemium,2024-03-28 13:21:29,2025-10-31 16:11:54,True
450,walter88@example.com,Guiomar,Gerlach,ITA,freemium,2025-10-13 09:01:04,2025-11-24 06:08:32,True
451,alphonse47@example.org,Rosalía,Jones,GBR,premium,2024-05-12 21:57:55,2025-11-25 12:14:31,True
452,severinrust@example.com,Judith,Karge,CAN,freemium,2024-07-05 06:49:45,,False
453,powelllawrence@example.net,Hortense,Buchholz,DEU,freemium,2025-01-06 14:15:07,2025-11-23 10:23:58,True
454,odette48@example.org,Alex,Jungfer,AUS,freemium,2024-07-25 15:47:48,,True
455,yray@example.com,Manuela,Toussaint,USA,freemium,2024-10-13 22:23:16,,True
456,nelida30@example.com,Claire,Picard,AUS,premium,2024-10-02 16:23:33,2025-11-13 18:19:29,True
457,lisa57@example.com,Christophe,Flor,ESP,freemium,2024-03-31 08:37:05,2025-11-24 03:57:12,True
458,andy22@example.com,Heraclio,Blanch,GBR,freemium,2024-09-27 13:18:09,2025-11-04 18:48:49,True
459,jacques29@example.net,Alonso,Ugarte,FRA,freemium,2025-06-14 19:41:29,2025-11-13 08:38:42,True
460,timrogers@example.com,Virgilio,Gonzalez,FRA,enterprise,2025-03-29 06:24:07,,True
461,truebelse@example.org,Jeffrey,Luís,ESP,freemium,2024-10-25 23:38:56,,True
462,qbenson@example.org,Dominique,Adams,CAN,freemium,2025-11-14 20:44:24,,False
463,prudencio11@example.net,Claude,Martel,ITA,freemium,2025-10-11 02:19:26,2025-11-16 19:12:16,True
464,lewismatthew@example.org,Stephanie,Meyer,CAN,freemium,2025-05-29 16:50:33,2025-11-24 00:08:21,True
465,alcides29@example.org,Marleen,Loos,ESP,enterprise,2024-11-26 12:22:36,,True
466,czamora@example.com,Ronny,Gallego,ITA,enterprise,2024-08-06 04:24:00,,True
467,korbinian71@example.com,Tanya,Davis,GBR,freemium,2025-07-18 23:28:49,2025-11-27 09:40:21,True
468,vollbrechtchristina@example.net,Anselmo,Klemm,AUS,freemium,2024-06-21 06:35:19,2025-11-15 15:12:24,True
469,penelopesalmon@example.net,Romy,Goicoechea,USA,premium,2023-12-19 18:09:26,,True
470,david52@example.net,Pastora,Pölitz,GBR,freemium,2024-10-10 03:44:02,2025-11-06 16:10:03,True
471,alvaropons@example.org,Audrey,Chauvet,GBR,freemium,2025-04-29 09:21:03,2025-10-29 17:35:47,True
472,baummia@example.com,Geneviève,Maury,AUS,premium,2025-07-26 14:18:45,2025-11-06 10:48:05,True
473,ajoseph@example.org,Daniel,Avery,GBR,enterprise,2024-09-21 13:01:25,,False
474,escuderomayte@example.net,Luce,Salazar,ESP,freemium,2024-10-22 21:37:41,,True
475,alice72@example.net,Brandi,Gisbert,CAN,enterprise,2025-01-19 05:32:46,,True
476,silviomurillo@example.net,Antonios,Besson,AUS,freemium,2023-12-05 23:04:57,2025-11-21 01:44:15,True
477,igertz@example.org,Édith,Calvo,DEU,freemium,2024-10-07 18:43:22,2025-11-14 21:40:12,True
478,ileclerc@example.com,Charles,Lee,ITA,enterprise,2025-05-23 12:55:34,2025-11-27 03:38:32,True
479,hugues24@example.org,Anne,Iniesta,GBR,freemium,2025-01-23 21:01:02,2025-11-07 08:14:55,True
480,mayathies@example.com,Karen,Morales,USA,freemium,2024-11-28 23:29:20,2025-11-07 21:06:31,True
481,le-gallmarguerite@example.org,Scott,Fernandez,GBR,freemium,2024-11-22 00:39:36,2025-11-27 06:40:34,True
482,halvarado@example.com,Phillip,Regnier,ESP,freemium,2025-06-06 17:33:14,2025-11-08 08:46:00,True
483,sevillanopia@example.net,Gabriel,Bender,FRA,freemium,2024-06-20 03:39:08,2025-11-05 12:54:30,True
484,vblot@example.org,Dörthe,Hardy,FRA,freemium,2024-10-21 20:23:17,2025-11-18 11:12:58,False
485,qtecher@example.com,Kelly,Peiró,ESP,freemium,2025-05-01 15:22:15,2025-11-09 14:33:41,True
486,nicolepoulain@example.com,Sandra,Dodson,CAN,freemium,2025-09-16 20:06:01,,True
487,aaron24@example.com,Klaus-Jürgen,Dippel,GBR,freemium,2025-05-10 20:43:49,,False
488,hugosanjuan@example.net,Esther,Boucsein,AUS,freemium,2025-07-15 01:24:02,2025-11-01 19:17:14,True
489,boutingabriel@example.com,Adrienne,Jara,USA,freemium,2024-03-05 15:04:48,2025-11-06 13:47:24,True
490,lpittman@example.org,Joseph,Speer,ITA,freemium,2024-06-20 05:29:58,2025-11-20 17:57:32,True
491,ullmannbabette@example.com,Leonardo,Vara,DEU,freemium,2024-02-05 04:28:43,,True
492,ziegertlilija@example.net,Ruperto,Iborra,GBR,freemium,2024-10-07 22:42:12,2025-11-02 10:29:23,True
493,galindolidia@example.org,Arthur,Renner,ITA,freemium,2025-05-02 15:35:38,2025-11-16 03:28:44,True
494,perretaimee@example.net,Stanley,Porter,FRA,premium,2024-12-08 18:58:43,,True
495,checavilma@example.net,Marko,Bonnet,ITA,freemium,2024-06-02 10:08:55,2025-11-19 05:10:50,True
496,mharvey@example.org,Eleonore,Álvaro,ITA,freemium,2025-04-01 21:07:57,2025-11-14 20:57:25,True
497,ariel14@example.org,Sören,Reina,ESP,premium,2025-04-27 23:26:46,2025-10-30 16:34:53,True
498,lavery@example.net,Daniel,Segebahn,USA,freemium,2025-09-22 23:31:01,2025-11-22 12:49:30,True
499,callejarafaela@example.com,Alain,Lefort,CAN,freemium,2025-02-12 20:09:04,2025-10-29 10:57:29,True
500,claudineperez@example.org,Samuel,Ricart,DEU,freemium,2025-08-26 14:39:06,,True
501,mscott@example.net,Gerlinde,Kraushaar,GBR,freemium,2024-12-30 14:56:22,2025-11-02 10:49:02,True
502,patrick54@example.org,Adrian,Ferrand,USA,freemium,2023-12-02 16:28:01,2025-11-20 01:36:39,True
503,igarcia@example.com,Birgit,Thies,ESP,freemium,2024-08-23 22:32:00,,True
504,coboseufemia@example.org,Elisabet,Redondo,FRA,freemium,2024-07-10 00:59:12,2025-11-13 20:48:53,True
505,ebrown@example.net,Pauline,Ditschlerin,FRA,freemium,2024-05-20 14:24:46,,True
506,martinbrett@example.org,Eli,Bravo,ITA,freemium,2025-02-23 21:47:16,2025-11-10 15:16:36,True
507,anneke35@example.com,Alicia,Tucker,ESP,freemium,2025-01-01 02:43:07,,True
508,rowlandjohn@example.org,Milena,Carsten,CAN,freemium,2024-10-10 06:55:41,,True
509,barbaramartinez@example.com,Angel,Navarro,GBR,premium,2024-07-21 19:17:28,,True
510,martinezclemence@example.org,Christopher,Ferguson,ESP,freemium,2025-03-12 08:32:27,,True
511,pechelsiegried@example.com,James,Marchal,ITA,freemium,2023-12-17 05:26:18,2025-11-23 10:30:56,True
512,jadwiga27@example.com,Gregory,Charpentier,USA,enterprise,2024-02-05 10:15:40,2025-11-04 17:33:01,True
513,muzafferlindau@example.org,Wolfgang,Beyer,GBR,freemium,2025-04-16 10:28:14,2025-11-16 23:28:30,True
514,gonzalezthomas@example.net,Annelore,Jacob,USA,freemium,2024-01-17 23:40:51,,True
515,kwhite@example.com,Robert,Süßebier,USA,freemium,2025-09-03 08:42:55,2025-10-30 00:44:01,True
516,ditschlerinkornelia@example.com,Tanya,Budig,ITA,freemium,2025-07-25 13:45:18,,True
517,plelievre@example.com,Mattias,Adler,AUS,freemium,2025-09-23 08:29:58,2025-11-20 09:59:50,True
518,josephelise@example.org,Michael,Schmitt,CAN,premium,2025-04-06 03:33:29,,False
519,doehnben@example.org,Benoît,Armas,USA,freemium,2025-04-29 22:55:00,2025-11-08 14:32:36,True
520,ycarsten@example.net,Donato,Miller,ITA,freemium,2025-01-02 06:09:14,2025-11-08 19:47:13,True
521,kristin02@example.org,Gert,Angulo,GBR,enterprise,2024-02-02 19:29:09,,True
522,tprado@example.org,Gerhild,Camino,FRA,freemium,2024-12-12 22:08:12,2025-11-15 21:31:16,True
523,richard98@example.org,Daniel,Casares,USA,freemium,2024-07-25 13:50:12,2025-11-01 13:09:57,True
524,dlebrun@example.org,Apolonia,Marie,CAN,freemium,2025-08-07 06:37:21,2025-11-24 06:25:58,True
525,ciriaco31@example.com,Lilli,Herrmann,CAN,freemium,2024-10-07 17:38:34,2025-11-16 17:14:11,True
526,borrasreina@example.com,Jörg,Clark,ITA,freemium,2024-03-10 03:08:41,2025-11-20 12:59:38,True
527,wpeinado@example.net,Joseph,Rogers,CAN,premium,2025-03-22 07:26:19,2025-11-10 09:14:28,True
528,janet55@example.net,Richard,Ruiz,ESP,freemium,2024-08-19 20:46:08,2025-11-22 14:57:31,True
529,kurt11@example.com,Gérard,Biggen,FRA,freemium,2024-06-18 06:33:07,2025-11-01 17:09:01,True
530,gnatzalexei@example.com,Joseph,Lecomte,USA,freemium,2024-09-04 22:04:06,2025-11-27 02:54:56,True
531,eschuchhardt@example.com,Robert,Meza,AUS,freemium,2025-01-02 17:36:34,2025-11-24 14:33:19,True
532,fredericnavarro@example.org,Anita,Viana,GBR,freemium,2025-08-12 13:28:04,,True
533,detlefzimmer@example.org,Heinfried,Peral,ITA,freemium,2025-10-21 07:04:51,2025-11-06 00:41:19,True
534,wferrero@example.org,Dionisia,Delahaye,GBR,freemium,2025-02-11 03:52:26,,True
535,ppalau@example.com,Timothée,Jessel,ESP,enterprise,2024-03-02 09:57:15,2025-11-09 17:19:05,True
536,ibarcena@example.com,Zacarías,Gimenez,AUS,freemium,2024-05-22 19:19:47,2025-11-01 15:52:23,True
537,xbutte@example.net,Margot,Talavera,CAN,freemium,2025-03-26 21:48:55,2025-11-08 16:47:27,True
538,monique39@example.net,Austin,Lehmann,AUS,premium,2024-12-21 09:27:11,,True
539,rturner@example.org,Raymond,Wilcox,ESP,freemium,2024-09-11 03:20:08,2025-10-31 18:48:42,True
540,cbrun@example.com,Michael,Marchand,ESP,freemium,2024-12-09 10:41:28,2025-11-10 19:29:20,True
541,paloma17@example.org,Harm,Leduc,ITA,freemium,2025-08-30 19:04:56,2025-11-03 06:24:14,True
542,hhaering@example.org,Lorraine,Ali,CAN,freemium,2025-10-14 21:49:16,2025-11-11 09:21:46,True
543,allendanielle@example.com,Fortunata,Oliva,USA,freemium,2025-05-06 16:19:11,,True
544,lopevillaverde@example.net,George,Vidal,ITA,premium,2024-05-29 19:03:37,2025-11-23 10:24:27,True
545,qamor@example.org,Regina,Vazquez,ITA,freemium,2024-02-21 15:15:41,,True
546,aperea@example.org,Catherine,Camus,DEU,freemium,2024-04-18 23:43:12,,True
547,mariselaromeu@example.net,Nazario,Putz,CAN,freemium,2025-11-01 00:35:50,2025-11-23 08:02:09,True
548,hertrampfevangelia@example.org,Édith,Ditschlerin,ITA,freemium,2025-02-10 13:21:41,2025-11-20 10:07:03,True
549,kelleydavid@example.com,Kenneth,Wieloch,GBR,freemium,2024-04-26 14:43:36,,True
550,russelltheresa@example.org,Patrick,Malo,ESP,enterprise,2024-06-08 23:42:55,,False
551,larocheremy@example.net,Harold,Ray,AUS,premium,2025-01-27 00:51:18,,True
552,suzannedufour@example.net,Éric,Klemm,GBR,freemium,2024-08-17 15:13:26,2025-11-16 13:50:23,True
553,jose-marimur@example.net,Xavier,Guillot,DEU,freemium,2024-05-31 07:51:52,,True
554,bellsandra@example.org,Christophe,Bernard,DEU,freemium,2025-03-23 06:04:32,2025-10-30 17:49:45,True
555,bethany15@example.com,Anabel,Killer,USA,enterprise,2025-10-19 16:44:50,2025-11-03 00:50:19,False
556,zmatthaei@example.com,Klaus-Günter,Schuchhardt,ESP,premium,2024-05-31 18:22:15,2025-11-08 19:32:43,True
557,koch-iiinken@example.com,Victoria,Trupp,AUS,enterprise,2024-01-26 09:45:40,,True
558,amelie38@example.com,Michael,Carrión,FRA,premium,2025-05-23 04:30:32,2025-10-31 09:54:39,True
559,sebert@example.org,Tristán,Kühnert,ITA,freemium,2025-06-20 14:49:08,2025-11-07 23:23:22,True
560,esteban71@example.net,David,Valero,USA,freemium,2025-07-10 14:24:08,2025-11-04 16:32:41,True
561,michaelwatkins@example.com,Michael,Daniel,ITA,freemium,2025-04-17 15:25:48,2025-11-05 09:15:01,True
562,teresita71@example.com,Hans Jürgen,Stanley,FRA,enterprise,2025-07-01 10:34:33,,True
563,jerome56@example.net,Jurij,Krebs,AUS,freemium,2023-12-04 07:09:57,2025-11-03 18:11:32,True
564,aroerricht@example.org,Justin,Reynaud,USA,freemium,2024-05-07 04:24:38,2025-11-15 20:26:11,True
565,anna86@example.com,Edelmiro,Pons,AUS,freemium,2025-08-24 19:15:24,2025-11-12 01:38:33,True
566,maximilian22@example.com,Javier,Marcos,ITA,freemium,2025-08-20 00:49:52,2025-11-27 15:13:48,True
567,andredelmas@example.org,Jonathan,Ripoll,ITA,freemium,2024-12-15 18:29:16,,True
568,jasonhawkins@example.com,Christopher,Petit,FRA,freemium,2024-08-10 15:29:00,2025-11-24 08:30:04,True
569,azenethvargas@example.com,Alexandre,Evrard,ITA,freemium,2024-06-15 21:19:14,2025-11-24 13:29:28,True
570,jmckinney@example.com,Glen,Roldan,ESP,freemium,2025-11-07 18:44:12,2025-11-16 04:27:29,True
571,reneboyer@example.net,Gregory,Giner,ITA,freemium,2025-02-19 14:28:29,2025-11-18 13:48:14,True
572,rotraud19@example.org,Nicole,Bru,ITA,freemium,2024-10-28 01:48:47,2025-11-10 01:32:00,True
573,miesaurelia@example.net,Kelly,Delaunay,GBR,freemium,2025-06-20 05:53:28,2025-11-07 03:32:55,True
574,jacobmiller@example.net,Gilbert,Daza,USA,freemium,2025-05-18 10:00:13,2025-11-14 00:18:12,True
575,escobarstacy@example.org,Gudula,Cox,GBR,freemium,2025-02-20 07:23:58,,True
576,dorina17@example.org,Hermann Josef,Mercader,DEU,freemium,2025-07-30 09:10:54,,True
577,audrey86@example.org,Benjamin,Fabre,ESP,freemium,2025-11-14 00:08:17,,True
578,van-der-dussenmarlene@example.com,Michael,Foster,DEU,premium,2024-11-27 17:06:58,2025-11-26 12:44:08,False
579,blankazaenker@example.com,Ann,Brunel,USA,freemium,2024-07-26 12:03:50,2025-11-16 10:03:05,True
580,ycolin@example.net,John,Comas,DEU,freemium,2024-08-04 03:58:41,2025-11-25 21:23:16,True
581,adriennebarbier@example.org,Nicanor,Contreras,ESP,freemium,2024-05-13 16:24:08,2025-11-16 07:57:17,True
582,melissakennedy@example.org,Manon,Gaya,USA,freemium,2024-08-06 15:44:20,2025-11-05 05:05:09,True
583,jules47@example.net,Else,Adler,USA,freemium,2025-10-06 05:03:17,2025-11-14 02:19:40,True
584,thomasdupuy@example.net,Philippine,Harvey,DEU,premium,2024-03-17 15:20:01,,True
585,ebertheugenia@example.com,Veronica,Aguado,ESP,freemium,2025-10-19 02:37:15,2025-11-19 07:15:35,True
586,gumprichkarolina@example.com,Victor,Manrique,ESP,freemium,2025-02-17 22:16:17,,True
587,roymisicher@example.org,Alain,Gómez,GBR,freemium,2025-04-20 16:15:53,,True
588,marysemoreau@example.org,Elizabeth,Cook,CAN,freemium,2025-06-12 13:50:45,2025-11-07 18:34:03,True
589,johnsonandrew@example.org,Matthew,Cross,ITA,freemium,2024-12-20 10:16:01,,True
590,charlesjulien@example.org,Douglas,Grondin,USA,freemium,2024-06-30 15:07:57,2025-11-08 11:55:54,True
591,kristiane20@example.org,Leslie,Jopich,ITA,freemium,2024-10-29 05:58:40,2025-11-06 22:45:08,True
592,anouk65@example.net,Clémence,Gonzalez,USA,enterprise,2023-12-21 07:32:47,2025-10-31 03:54:53,True
593,washingtonmichael@example.org,Almudena,Fontaine,ITA,freemium,2024-06-04 16:34:27,2025-11-16 05:53:49,True
594,stephanie07@example.org,Charles,Bryant,CAN,freemium,2024-12-31 11:54:16,2025-11-02 19:05:57,True
595,barthelemylouise@example.net,Aurélie,Marsh,ITA,freemium,2024-07-22 23:19:38,,True
596,nchauveau@example.com,Kristen,Nohlmans,USA,premium,2025-06-24 17:49:02,2025-11-13 06:40:25,True
597,frank-michael38@example.org,Bruce,Dumont,FRA,freemium,2023-12-14 02:55:02,,True
598,mgosselin@example.net,Wolfgang,Heintze,FRA,freemium,2025-03-19 15:19:53,2025-11-15 19:49:07,True
599,anais08@example.com,August,Robles,ITA,freemium,2025-09-29 17:02:20,2025-10-30 23:46:36,True
600,bkaul@example.com,Franz,Hernandez,ESP,freemium,2024-12-09 23:13:35,2025-11-01 10:48:44,True
601,pmartinez@example.org,Nico,Luís,AUS,freemium,2024-02-27 13:15:48,2025-11-05 17:13:05,True
602,ysteckel@example.net,Bernadette,Luís,DEU,freemium,2024-05-27 06:21:28,2025-11-08 00:11:08,True
603,isaac87@example.net,Kristian,Trapp,USA,freemium,2023-12-24 06:26:29,2025-11-26 17:12:01,True
604,llorentejoaquin@example.com,Marzena,Blondel,FRA,freemium,2025-08-14 14:08:38,2025-10-31 20:36:21,False
605,javiera61@example.org,Danielle,Salas,GBR,freemium,2025-05-18 16:49:10,2025-11-01 00:28:19,True
606,junkpolina@example.org,Anastasie,Dippel,AUS,freemium,2024-03-24 17:50:16,2025-11-12 18:32:19,True
607,barbara55@example.org,Franck,Vigil,ITA,freemium,2024-01-23 13:47:56,2025-11-15 07:46:42,True
608,edward27@example.net,Brett,Junck,ITA,freemium,2025-09-23 04:38:20,2025-11-09 00:24:40,True
609,galopalma@example.net,Andrea,Henderson,AUS,freemium,2024-09-01 06:03:48,2025-11-12 20:48:19,True
610,egascon@example.net,Maryse,Mckenzie,ESP,freemium,2024-02-05 11:02:30,2025-11-04 10:34:16,True
611,cipriano51@example.net,Alix,Brown,GBR,freemium,2024-09-13 13:56:41,2025-11-03 17:11:54,True
612,vscheel@example.net,Noël,Jopich,USA,freemium,2024-07-25 22:30:52,,True
613,noemi44@example.org,Gundolf,Hertrampf,ITA,freemium,2024-03-06 07:59:54,2025-11-01 14:58:10,True
614,edalmau@example.com,Patricia,Morin,ITA,enterprise,2025-07-01 09:49:15,2025-11-23 19:33:24,True
615,zgros@example.net,Marianne,Adán,GBR,freemium,2025-03-04 12:21:08,,True
616,victoireleconte@example.com,Sébastien,Pugh,DEU,freemium,2025-05-18 16:17:10,2025-10-31 05:36:29,True
617,tonya51@example.org,Dominique,Castañeda,AUS,freemium,2024-08-04 05:53:12,2025-11-24 11:27:03,True
618,haasevladimir@example.org,Evelyn,Knight,ESP,freemium,2025-11-19 13:31:27,,True
619,ikarge@example.org,Reinhold,Peukert,AUS,freemium,2025-08-02 01:32:01,,True
620,louisjerome@example.org,Katherine,Gertz,FRA,freemium,2024-07-21 16:16:24,2025-11-21 04:15:00,True
621,alexandriahoarau@example.org,Julie,Mälzer,GBR,freemium,2025-01-03 06:07:06,2025-11-11 08:57:16,True
622,courtney32@example.com,Attila,Olsen,GBR,freemium,2025-03-03 10:04:08,,True
623,gretl39@example.org,Jose Angel,Ramis,CAN,freemium,2025-10-16 20:01:58,2025-11-14 15:43:26,True
624,fnavarro@example.com,Valentín,Portillo,GBR,freemium,2024-06-08 20:17:05,2025-11-21 02:25:35,True
625,dluz@example.com,Mareile,Winkler,ESP,enterprise,2025-06-27 17:57:22,2025-11-17 01:54:20,True
626,amandavaughn@example.net,Sebastian,Tovar,USA,freemium,2025-03-24 10:51:43,2025-11-28 00:48:33,False
627,julesaubert@example.com,Arthur,Maldonado,DEU,freemium,2024-06-08 06:16:32,,True
628,hdavis@example.org,Benjamin,Sierra,ESP,freemium,2023-12-24 04:40:57,2025-10-31 01:56:15,True
629,mackjoseph@example.com,Alix,Cook,ESP,freemium,2025-03-23 01:00:18,,True
630,igierschner@example.net,Leonel,Jones,DEU,freemium,2024-10-18 16:55:23,2025-11-18 11:59:55,True
631,terrimeyers@example.net,Élise,Miller,ESP,freemium,2024-01-11 18:23:50,2025-10-30 05:02:00,True
632,blanca16@example.org,Cristian,Harper,AUS,freemium,2024-12-23 03:08:48,2025-11-26 23:04:28,True
633,engintrubin@example.org,Thierry,Klapp,DEU,freemium,2024-06-10 02:46:14,2025-11-20 13:32:38,True
634,ilemonnier@example.com,Marie-Theres,Sola,ESP,freemium,2025-03-10 13:17:16,,True
635,asenjomaximino@example.com,Aline,Jaén,ESP,freemium,2023-11-28 21:45:26,2025-11-01 01:42:41,True
636,aleksandrhamann@example.net,Dan,Benavides,GBR,freemium,2024-09-10 07:16:31,,True
637,jaehnhans-juergen@example.net,Niels,Fischer,CAN,freemium,2025-06-10 02:32:41,2025-11-10 12:43:05,False
638,bhurtado@example.com,Santos,Henschel,DEU,enterprise,2025-10-16 08:56:57,2025-11-13 12:23:39,True
639,bonninmargot@example.net,Sylvie,Barbier,USA,premium,2025-05-06 18:07:56,2025-11-03 03:10:26,True
640,marioturner@example.net,Prudencio,Hoareau,CAN,freemium,2024-06-08 17:29:26,,False
641,dufourcharlotte@example.net,Tammy,Mcknight,FRA,freemium,2025-10-30 08:52:10,2025-11-11 00:28:09,True
642,sgregoire@example.net,Marguerite,Guillou,GBR,freemium,2025-10-06 03:29:07,2025-11-01 21:15:42,True
643,nathalieevrard@example.org,Christina,Cruz,DEU,freemium,2024-10-15 03:09:18,,True
644,noelgaillard@example.com,Noa,Becerra,CAN,freemium,2025-07-04 16:18:49,,True
645,michelle12@example.com,Margarita,Philippe,FRA,freemium,2025-08-18 20:20:45,2025-11-12 13:50:17,True
646,tlustekahmad@example.net,Susanne,Mude,AUS,freemium,2024-09-22 17:12:34,,True
647,olivia01@example.org,Ralph,Caro,AUS,freemium,2025-01-20 18:09:08,,True
648,paola46@example.com,Luzie,Mcbride,CAN,freemium,2024-11-02 16:16:22,,True
649,lloretvasco@example.com,Jay,Thomas,DEU,freemium,2025-09-23 16:14:45,2025-11-18 06:37:59,True
650,lbonnet@example.net,Hajo,Sala,FRA,freemium,2025-07-18 23:05:12,2025-11-17 19:39:34,True
651,jenniferrobinson@example.org,Camila,Phillips,GBR,enterprise,2024-07-17 10:40:07,2025-11-14 21:13:58,True
652,gene88@example.net,Jeremías,Eckbauer,USA,premium,2024-12-08 12:43:20,,False
653,luquegala@example.net,James,Butte,GBR,freemium,2024-07-23 16:07:30,2025-11-21 14:49:55,True
654,nathalieclerc@example.net,Rupert,Amador,DEU,freemium,2025-08-11 17:57:29,,True
655,thomasmarion@example.org,Amalia,Lynn,ITA,freemium,2025-02-23 20:05:11,,True
656,mauricio39@example.net,Marguerite,Monnier,CAN,enterprise,2025-01-07 10:36:25,2025-11-24 03:46:37,True
657,pruschketony@example.net,Amélie,Sánchez,USA,freemium,2025-05-26 08:32:21,2025-11-01 04:02:20,True
658,cmace@example.org,Jacqueline,Expósito,ITA,freemium,2024-03-23 15:46:52,,True
659,bernadette52@example.org,Ottfried,Vidal,ITA,premium,2024-11-08 11:09:31,2025-11-21 19:36:20,True
660,kmeyer@example.com,Michael,Cámara,GBR,premium,2024-02-13 16:04:26,2025-10-30 22:30:03,True
661,idoerschner@example.com,Renée,Pölitz,USA,freemium,2025-05-28 08:28:34,2025-11-28 04:11:46,True
662,jimenezaura@example.org,Jacob,Enríquez,DEU,freemium,2024-03-17 08:13:02,2025-11-27 23:52:51,True
663,jolanta75@example.org,Norbert,Flores,USA,freemium,2024-10-20 08:10:13,2025-11-14 07:28:17,True
664,jperez@example.net,Fridolin,Drewes,FRA,freemium,2024-09-14 18:41:22,2025-11-04 01:02:52,True
665,umayol@example.net,Sharon,Saura,DEU,freemium,2024-09-02 15:29:32,2025-11-24 22:22:12,True
666,barralanunciacion@example.org,Anne,Jones,FRA,freemium,2024-09-26 16:51:20,2025-11-08 19:08:27,True
667,michaeljohnson@example.com,Sarah,Legendre,ESP,freemium,2024-12-21 15:28:01,2025-10-31 17:19:40,True
668,lucie75@example.net,Nath,Pratt,AUS,freemium,2025-08-05 06:24:59,2025-10-29 19:07:16,True
669,scheelgottfried@example.com,Valérie,Cases,USA,freemium,2024-04-28 18:37:47,2025-11-11 09:15:28,True
670,yrey@example.org,Tristan,Johnson,USA,freemium,2024-06-21 20:43:28,,True
671,margaudrossi@example.net,Isolde,Marques,FRA,freemium,2024-05-22 02:09:19,,True
672,mark10@example.com,Gabriel,Keudel,DEU,freemium,2024-03-21 21:12:40,2025-11-15 02:10:32,True
673,thierrylegendre@example.org,Olivier,Carranza,USA,enterprise,2024-06-23 00:00:18,2025-11-22 06:10:42,True
674,aura35@example.com,Kevin,Tucker,AUS,freemium,2024-11-21 09:55:49,2025-11-06 21:49:22,True
675,kmonreal@example.net,Pastor,Sosa,ITA,freemium,2025-05-06 19:58:59,2025-11-15 10:59:06,True
676,adrienne38@example.net,Marcel,Johnson,FRA,freemium,2024-01-21 07:57:43,2025-11-15 18:33:43,True
677,pastoraroig@example.com,Sandra,Haase,GBR,premium,2024-12-02 21:47:37,2025-11-06 08:38:09,True
678,lucas45@example.org,Angela,Lesage,AUS,freemium,2024-06-01 02:33:09,2025-11-05 21:43:22,True
679,leon76@example.com,Émile,Muro,CAN,freemium,2025-06-09 00:34:40,2025-11-15 03:23:26,True
680,sgay@example.org,Brooke,Shaffer,DEU,enterprise,2024-05-25 15:21:04,2025-11-11 07:04:24,True
681,hanny83@example.net,Kathryn,Mohaupt,DEU,freemium,2024-12-25 01:41:27,2025-11-13 23:47:39,True
682,xfroehlich@example.com,Santiago,Colas,GBR,freemium,2025-01-01 09:44:45,2025-11-05 20:17:29,False
683,antoinette04@example.com,Hugues,Owens,GBR,premium,2024-06-06 23:39:56,2025-11-01 11:04:36,True
684,maximagamez@example.net,Ximena,Bernier,CAN,freemium,2025-08-13 11:09:26,,True
685,rogelio66@example.com,Diane,Henk,FRA,enterprise,2024-09-08 15:12:56,2025-11-22 22:04:28,True
686,carlamuehle@example.net,René,Álvarez,FRA,freemium,2024-09-04 11:38:03,2025-11-14 02:12:01,True
687,allison60@example.net,Chantal,Martinez,ITA,freemium,2024-11-05 19:26:15,2025-11-21 08:50:24,True
688,ksaura@example.net,Valérie,Mies,DEU,freemium,2023-12-06 02:30:50,2025-11-01 21:15:19,True
689,tristan32@example.org,Éléonore,Gonzalez,AUS,enterprise,2025-06-20 05:49:22,,True
690,virginiaking@example.org,Dionisia,Cueto,AUS,freemium,2024-01-19 06:45:15,2025-11-16 12:32:40,False
691,williamssandra@example.com,Zaida,Torrents,USA,freemium,2025-02-12 19:31:45,,True
692,taboadasusanita@example.net,Brandon,Bourdon,DEU,freemium,2025-09-15 02:36:46,,True
693,alexandria57@example.net,Lance,Baum,FRA,freemium,2024-09-07 04:47:21,,True
694,pepitafranco@example.com,Victoire,Gomez,FRA,freemium,2025-09-17 23:45:59,,True
695,janin22@example.com,Rosina,Mühle,USA,freemium,2025-05-05 01:38:30,2025-10-30 07:34:11,True
696,susan56@example.net,Tristan,Le Goff,USA,freemium,2025-07-08 23:46:07,2025-11-21 21:31:53,True
697,roggerosita@example.com,Florinda,Heinrich,FRA,premium,2024-01-01 11:34:03,,True
698,geertrudolph@example.org,Miroslav,Lübs,CAN,freemium,2025-07-21 12:33:42,2025-11-20 05:28:43,True
699,jasmine80@example.org,Egon,Traore,AUS,freemium,2024-10-19 13:17:28,2025-11-14 19:54:51,True
700,montoyarobert@example.net,Esther,Ramos,AUS,freemium,2024-09-08 23:48:28,,True
701,cipriano42@example.com,Lino,Carrera,AUS,premium,2025-08-01 15:34:03,,True
702,saramunoz@example.org,Ilse,Fonseca,USA,freemium,2025-10-10 00:14:08,2025-11-10 01:37:23,True
703,eduardoquintana@example.net,Arthur,Schenk,ESP,freemium,2025-03-18 22:33:45,2025-11-23 11:39:47,True
704,noellecomte@example.org,Zoé,Huhn,DEU,freemium,2024-12-16 16:15:22,2025-11-06 08:22:38,True
705,adamwells@example.com,Candelaria,Sanders,FRA,enterprise,2024-12-25 09:34:00,,True
706,gabriel14@example.com,Sandalio,Tessier,USA,freemium,2025-09-01 00:04:05,2025-11-03 07:25:13,True
707,gabrielle58@example.com,Emilie,Torres,ESP,enterprise,2024-12-26 07:21:51,2025-11-16 12:21:52,True
708,sgoodwin@example.com,Amélie,Giralt,FRA,enterprise,2025-07-18 04:10:13,2025-11-12 18:51:35,True
709,tellorenata@example.net,Hannelore,Wähner,CAN,freemium,2024-12-02 14:37:53,,True
710,herreramichael@example.net,Sonja,Macías,USA,freemium,2024-09-28 14:22:11,,True
711,zmedina@example.com,Christine,Breton,ESP,enterprise,2024-04-16 06:27:46,2025-10-30 20:14:31,True
712,emmanuelleduc@example.net,Cándida,Marchal,AUS,enterprise,2025-08-25 00:51:16,2025-11-24 00:24:46,True
713,hans-heinrich36@example.net,Émilie,Campo,FRA,freemium,2025-11-16 13:41:35,2025-11-09 16:58:19,True
714,tkraus@example.org,Marianne,Bayón,USA,freemium,2024-05-18 20:19:03,,True
715,rayasoledad@example.net,Scott,Gonzalez,ITA,freemium,2025-02-23 13:27:05,2025-11-06 09:10:20,True
716,theodore69@example.com,Julian,Howe,ESP,premium,2024-03-23 17:48:23,2025-11-19 19:40:38,False
717,hkreusel@example.com,Yves,Harvey,GBR,freemium,2025-02-24 04:45:44,2025-11-26 10:06:46,True
718,killerpetros@example.com,Christopher,Brown,AUS,enterprise,2025-02-04 21:06:36,2025-11-17 16:00:35,True
719,steinberghansjoachim@example.net,Teófila,Hierro,GBR,freemium,2025-08-19 05:50:09,2025-11-22 06:33:53,True
720,carly92@example.org,Margaud,Millán,USA,freemium,2023-12-21 03:53:41,2025-11-06 20:43:20,True
721,roemermurat@example.org,Charlotte,Stolze,AUS,freemium,2025-04-25 17:16:22,2025-11-03 21:19:06,True
722,zaenkerhasan@example.net,Adelina,Rey,USA,freemium,2025-04-26 21:01:18,2025-11-06 15:23:31,False
723,tbrown@example.com,Amanda,Cueto,AUS,freemium,2024-01-18 03:42:42,2025-11-02 13:04:16,True
724,bradle@example.net,Marie,Navas,DEU,freemium,2024-05-07 21:55:56,,True
725,craigbrown@example.net,Waldemar,Marchand,AUS,freemium,2025-01-12 04:14:14,,True
726,todd37@example.net,Christelle,Trommler,CAN,freemium,2025-04-09 17:15:54,2025-11-19 00:17:26,True
727,colette87@example.net,Roy,Trubin,CAN,premium,2024-07-27 05:06:20,2025-11-23 22:34:14,False
728,iarmstrong@example.org,Claudia,Marín,CAN,freemium,2025-10-15 06:45:29,,True
729,ayse44@example.net,Sylvia,Maury,ESP,freemium,2024-04-28 19:59:24,2025-11-10 11:54:19,True
730,mzirme@example.org,Corinne,Mancebo,DEU,premium,2024-08-24 23:28:50,2025-11-20 16:10:32,True
731,lupeibanez@example.org,Hans-Christian,Boulanger,ITA,freemium,2025-07-16 04:28:21,2025-11-13 17:44:19,True
732,panderson@example.net,Raquel,Fliegner,GBR,freemium,2024-04-24 12:24:20,2025-11-16 18:42:40,True
733,katy67@example.org,Veronica,Grein Groth,ESP,freemium,2024-11-02 21:35:49,2025-11-10 17:54:42,True
734,gerlachknud@example.net,Carlos,Ernst,ESP,freemium,2024-04-17 08:43:21,2025-11-04 18:31:24,True
735,victordiallo@example.com,Kristine,Valbuena,ITA,freemium,2024-05-23 14:13:25,2025-11-22 04:48:22,False
736,adela17@example.org,Thomas,Caspar,CAN,premium,2025-09-14 05:16:53,2025-11-06 06:26:51,True
737,ccaron@example.com,Lorraine,Butte,ESP,freemium,2025-10-07 00:26:19,2025-11-07 13:25:06,True
738,millsgary@example.net,Andrew,Aubry,DEU,freemium,2025-07-08 11:34:49,2025-10-30 14:09:43,True
739,mirallesabril@example.org,Paz,Junitz,ESP,freemium,2024-07-14 02:59:55,,True
740,loechelinna@example.com,Gustavo,Kreusel,AUS,freemium,2024-08-06 08:57:30,2025-11-20 02:59:39,True
741,blosa@example.com,Rouven,Martinez,AUS,freemium,2024-03-18 10:52:41,2025-11-21 06:22:39,True
742,stephanelefort@example.com,Alicia,Ackermann,ITA,enterprise,2024-09-08 04:25:31,,False
743,johnharris@example.net,Elfie,Lange,FRA,freemium,2024-03-24 07:12:50,2025-11-08 05:19:39,True
744,vincenzobuchholz@example.org,Erin,Lemonnier,USA,freemium,2025-09-10 09:56:12,2025-10-31 15:44:36,True
745,jsamson@example.com,James,Olivier,USA,freemium,2025-04-06 21:22:42,,True
746,amberrhodes@example.com,Fabiana,Koch,FRA,freemium,2024-11-05 20:08:07,2025-11-10 03:29:54,True
747,josephine06@example.org,Lisa,Barr,ITA,freemium,2025-10-14 20:24:48,,True
748,domitila69@example.com,Rufina,Mahe,ESP,premium,2024-09-02 10:07:30,2025-11-27 22:47:38,True
749,branchlynn@example.org,Nicolas,Lam,DEU,freemium,2025-06-09 09:11:25,2025-11-21 22:41:10,True
750,corinna97@example.net,Fabiola,Garcia,DEU,freemium,2024-03-30 01:36:03,,True
751,pottiercaroline@example.com,Romana,Boyer,CAN,freemium,2024-01-22 12:29:32,2025-11-04 11:04:27,True
752,wvalette@example.com,Fortunato,Legrand,USA,freemium,2025-03-16 22:07:10,,True
753,melissa53@example.com,Randolf,Bertin,ITA,freemium,2024-04-27 22:43:45,2025-11-16 12:49:46,True
754,bruderzeynep@example.org,Dörte,Moore,ESP,freemium,2025-09-14 19:14:22,2025-11-08 06:03:18,True
755,hsalgado@example.net,Alexandre,Dumont,FRA,freemium,2025-06-23 19:25:29,,True
756,smithamy@example.net,Aimée,Bayo,ITA,freemium,2025-09-28 05:10:16,2025-11-12 17:22:08,True
757,pozueloagapito@example.net,Isaac,Delahaye,ITA,freemium,2025-02-24 09:55:24,2025-11-26 01:20:42,True
758,diazmarvin@example.org,Dora,Calderon,FRA,enterprise,2025-11-02 17:21:45,,True
759,cagustin@example.net,Charo,Santos,CAN,freemium,2024-11-17 00:19:09,,True
760,eguichard@example.net,Amber,Galvez,CAN,freemium,2025-08-29 15:14:17,2025-10-30 03:52:36,False
761,draganhoelzenbecher@example.com,Anneliese,Wyatt,ESP,freemium,2025-03-16 02:42:45,,True
762,dazayaiza@example.net,Aurore,Shields,FRA,freemium,2024-05-22 16:19:41,,True
763,heather43@example.net,Benjamin,Douglas,USA,freemium,2025-06-09 20:47:47,2025-11-22 07:20:48,True
764,martinlabbe@example.com,Raymond,Barrios,DEU,enterprise,2025-11-01 09:07:59,,True
765,christina52@example.net,Jessica,Ródenas,GBR,freemium,2024-03-01 08:41:36,2025-11-26 17:48:07,False
766,friederike15@example.com,Gerhart,Marín,AUS,enterprise,2024-10-29 09:47:49,2025-11-17 13:03:39,False
767,charlesdietz@example.org,Chantal,Cichorius,ITA,freemium,2024-09-24 20:07:24,2025-11-04 11:19:10,True
768,adam65@example.org,Alexandria,Hammond,GBR,freemium,2024-05-18 15:40:42,2025-11-24 06:27:22,True
769,keith71@example.com,Hans-Joachim,Bennett,USA,freemium,2024-11-11 17:54:16,2025-11-01 07:00:06,False
770,collinsricky@example.net,Tina,Parker,DEU,freemium,2025-03-21 21:54:26,,True
771,ismailradisch@example.net,Merche,Deschamps,ITA,freemium,2025-08-04 00:58:06,,True
772,julienmartin@example.org,Samantha,Walls,DEU,freemium,2024-09-30 20:47:54,2025-11-13 20:05:54,True
773,jiglesias@example.com,Sean,Quero,ITA,freemium,2025-07-29 19:41:09,2025-11-02 21:38:00,True
774,ortmannkay-uwe@example.net,Lourdes,Bradley,GBR,freemium,2024-04-15 02:56:44,,True
775,jerome38@example.net,Palmira,Salinas,CAN,freemium,2025-01-12 13:09:19,2025-11-01 09:28:34,True
776,rlangern@example.net,Anna,Ramirez,ESP,freemium,2025-04-14 15:29:59,2025-11-24 02:20:59,True
777,castanedacourtney@example.net,Xavier,Aumann,FRA,freemium,2024-12-07 19:00:24,2025-11-18 12:55:17,True
778,fholsten@example.net,Hans-Martin,Rocha,ITA,enterprise,2025-04-10 10:09:28,2025-10-30 00:35:52,True
779,josueroda@example.org,Fridolin,Jean,ITA,freemium,2024-05-25 03:47:51,2025-11-27 12:55:08,True
780,ponsisabelle@example.org,Petros,Pina,AUS,enterprise,2024-03-01 10:37:37,2025-11-20 14:32:03,True
781,allison42@example.net,Marthe,Gomila,DEU,freemium,2025-04-03 11:56:47,,True
782,scott89@example.com,Donato,Dupré,USA,freemium,2023-12-25 15:46:12,2025-11-04 15:22:27,True
783,ywong@example.com,Apollonia,Fournier,DEU,freemium,2024-02-20 15:10:36,2025-11-04 07:08:06,True
784,zoran23@example.com,Noémi,Carrión,USA,freemium,2024-04-08 06:27:24,,True
785,tina52@example.org,Raik,Linares,ITA,freemium,2025-09-14 12:13:53,2025-11-22 14:51:12,False
786,jwende@example.org,Maggie,Esparza,AUS,enterprise,2025-10-10 10:00:00,2025-11-18 12:08:09,True
787,bernardvalentin@example.net,Ivan,Campos,AUS,freemium,2025-05-07 16:54:34,2025-11-08 14:20:51,True
788,ebonnet@example.org,Zoé,Löchel,DEU,freemium,2025-08-03 20:48:20,2025-11-17 16:51:29,True
789,louisdelannoy@example.org,Caroline,Fontaine,CAN,freemium,2025-02-20 05:24:42,2025-11-19 22:22:14,True
790,murphywilliam@example.net,Seve,Gascón,FRA,freemium,2025-10-18 20:00:12,2025-11-21 05:20:39,False
791,noel50@example.com,Britt,Herrmann,USA,enterprise,2024-11-04 03:24:38,2025-11-02 03:37:39,True
792,amanda14@example.net,Román,Pereira,AUS,freemium,2024-08-19 21:04:53,,True
793,seth40@example.com,Dustin,Le,CAN,freemium,2025-06-11 13:30:09,2025-11-07 14:27:24,True
794,manonperrin@example.com,Jennifer,Lucero,AUS,freemium,2024-02-24 16:36:13,2025-11-12 13:51:44,True
795,stephanie12@example.net,Horacio,Charrier,AUS,premium,2024-05-07 07:43:33,2025-11-07 08:52:36,True
796,lesliemartin@example.com,Rick,Jurado,CAN,premium,2024-12-20 17:04:35,2025-11-10 11:25:55,True
797,hnormand@example.net,Eckehard,Ross,GBR,freemium,2024-11-02 12:55:27,2025-11-11 19:43:14,True
798,dominiquepasquier@example.org,Laura,Casanova,USA,freemium,2025-10-03 08:22:21,2025-11-08 01:07:51,True
799,carmen78@example.net,Anny,Barriga,GBR,premium,2025-09-09 14:19:13,2025-11-03 14:48:49,True
800,jankogutknecht@example.com,Esther,Jones,CAN,freemium,2024-10-22 17:11:27,2025-11-22 22:46:47,True
801,jose-manuel48@example.com,Richard,Logan,DEU,freemium,2025-05-23 00:38:44,2025-11-01 13:17:03,True
802,tproctor@example.org,María Pilar,Amor,AUS,freemium,2024-04-28 00:51:06,,True
803,gabriele38@example.net,María Belén,Garrett,AUS,freemium,2025-05-06 11:19:08,,True
804,nathalielouis@example.net,Thibaut,Leroux,ESP,freemium,2025-03-12 17:55:28,,True
805,friedrich-wilhelmcarsten@example.com,April,Matthews,USA,premium,2024-01-05 09:37:46,2025-11-15 07:12:07,True
806,helenelebon@example.com,Eugène,Schwital,USA,freemium,2024-01-02 15:51:28,2025-11-17 09:24:59,True
807,everdejo@example.org,Honoré,Robin,DEU,freemium,2024-10-17 15:29:56,2025-11-08 06:57:09,False
808,qalamo@example.com,Robert,Verdier,FRA,freemium,2025-10-09 03:17:22,2025-11-28 04:05:14,True
809,epedrosa@example.org,Élisabeth,Pena,DEU,freemium,2024-07-11 04:48:46,,True
810,cgoni@example.net,Nicole,Vallet,GBR,freemium,2025-10-05 03:19:51,2025-11-20 05:13:02,True
811,griffinbryan@example.net,Nicole,Röhrdanz,ESP,premium,2025-01-31 19:08:56,2025-11-09 11:34:12,True
812,orianadominguez@example.net,Inès,Le Gall,CAN,freemium,2025-10-25 13:40:57,2025-11-14 04:07:56,True
813,weaverrobert@example.net,Joerg,Cortez,USA,freemium,2024-02-17 01:08:43,,True
814,pageschristiane@example.org,Linus,Reina,GBR,freemium,2025-07-11 19:02:19,2025-11-16 11:13:22,True
815,bdyer@example.com,Brenda,Rodrigues,AUS,enterprise,2025-05-14 00:40:22,2025-11-17 02:35:27,True
816,dmarquez@example.com,Jozef,Letellier,ESP,freemium,2024-12-02 15:30:03,2025-11-16 05:41:11,True
817,ymanzano@example.org,Delia,Martin,DEU,freemium,2024-10-31 10:50:36,,True
818,penelopelucas@example.net,Evita,Holland,AUS,freemium,2024-12-10 12:04:58,2025-11-14 12:03:35,True
819,lucasmorel@example.net,Lori,Adolph,GBR,enterprise,2025-11-15 12:03:05,2025-11-01 18:11:31,True
820,vthibault@example.org,Victor,Farrell,AUS,freemium,2025-09-11 05:41:24,2025-11-07 07:56:53,True
821,danielparsons@example.net,Heidrun,Gonzalez,ITA,freemium,2024-04-21 04:44:37,2025-11-16 08:35:07,True
822,ramirezstanley@example.net,Ascensión,Thies,GBR,freemium,2023-12-27 00:45:47,2025-11-16 20:20:51,True
823,jdenis@example.org,Alexei,Costa,ITA,freemium,2024-07-01 13:26:37,2025-11-01 13:44:38,True
824,striebitzludmilla@example.com,Susan,Plath,AUS,premium,2025-03-21 13:49:32,2025-11-28 02:00:32,True
825,massonhelene@example.com,Santos,Reynaud,CAN,enterprise,2024-05-12 18:19:16,2025-11-07 10:52:39,True
826,christinafoster@example.com,Richard,Fechner,GBR,freemium,2025-02-24 12:57:19,,True
827,bstrong@example.net,Rocío,Escribano,FRA,freemium,2025-11-23 17:29:21,2025-11-06 04:24:20,True
828,dtorres@example.net,Elvira,Portero,DEU,premium,2024-05-28 00:09:48,2025-11-07 12:29:47,True
829,zhuguet@example.org,Xiomara,Jacob,AUS,enterprise,2025-04-09 00:06:31,2025-11-24 01:41:29,True
830,sbarba@example.net,Kristen,Lagarde,USA,freemium,2024-03-14 00:32:14,2025-11-04 19:28:42,True
831,gimenezpierre@example.org,Bruni,Boulanger,DEU,freemium,2025-01-29 07:15:50,2025-11-06 12:36:23,True
832,ftaylor@example.org,Christine,Vera,ITA,enterprise,2024-06-25 13:32:07,2025-11-05 02:27:02,True
833,salmonalice@example.com,Gottlieb,Matthäi,CAN,freemium,2023-12-12 21:12:24,,True
834,rthierry@example.net,Donna,Hernandez,ESP,enterprise,2023-12-20 23:49:01,2025-11-21 04:44:28,True
835,karenrobinson@example.com,Linda,Pombo,USA,freemium,2024-07-30 17:06:27,2025-11-22 06:08:33,True
836,van-der-dussenzeynep@example.org,Kelly,Fliegner,FRA,premium,2024-07-05 14:13:41,2025-11-22 06:11:49,True
837,clotildeportero@example.net,Antoinette,Harper,CAN,freemium,2025-01-15 15:00:33,2025-11-11 22:21:03,True
838,benaventefeliciana@example.org,Pénélope,Avila,DEU,freemium,2024-07-17 08:06:07,,True
839,felipavalenciano@example.org,Hanns,Nerger,AUS,freemium,2024-08-22 23:21:18,,True
840,rjensen@example.net,Kaitlin,Fiebig,DEU,freemium,2024-09-15 02:30:30,2025-11-23 21:22:55,True
841,bartolomeolimpia@example.org,Daniela,Menard,ITA,freemium,2025-08-22 21:44:03,,True
842,vizaguirre@example.org,Hugues,Labbé,ESP,premium,2024-05-08 23:05:12,2025-11-02 01:44:30,True
843,eckbauercosimo@example.net,Aroa,Berthelot,CAN,enterprise,2024-06-08 03:27:39,2025-11-14 03:39:43,True
844,christineroussel@example.net,Anica,Roma,ITA,freemium,2024-11-07 14:13:19,2025-11-04 12:59:26,True
845,legendreguillaume@example.net,Pilar,Waters,AUS,freemium,2025-06-19 12:29:53,,True
846,emmanuelle95@example.com,Randy,Camus,GBR,freemium,2024-02-25 05:48:19,2025-10-29 19:53:17,True
847,tnorton@example.org,Luis Ángel,Laguna,CAN,freemium,2023-12-16 12:41:44,2025-11-20 00:08:45,True
848,belen62@example.com,Abilio,Dixon,GBR,freemium,2024-06-27 16:29:29,2025-10-30 14:17:16,True
849,thibaultbouvet@example.com,Édouard,Jüttner,ESP,freemium,2023-12-25 13:47:54,2025-11-20 22:26:42,True
850,rennerreinald@example.net,Adolfine,Farré,ITA,freemium,2025-03-06 05:36:58,2025-11-23 08:24:56,True
851,morasabina@example.net,Jeannine,Segura,AUS,freemium,2023-12-25 14:08:11,2025-11-19 03:52:16,True
852,osman72@example.net,Jerome,Llamas,ITA,freemium,2025-02-09 10:28:26,2025-11-14 22:03:33,True
853,helenacichorius@example.com,Cesar,Espinosa,DEU,freemium,2024-08-17 17:39:29,2025-11-17 02:43:06,True
854,salmonlucas@example.com,Elodia,Schneider,ESP,freemium,2024-01-27 03:23:31,,True
855,torresluis@example.com,Katie,Hernandez,DEU,freemium,2024-06-22 15:46:39,2025-11-25 17:10:13,False
856,susan31@example.com,François,Corral,ESP,freemium,2025-04-21 19:57:30,2025-11-03 14:27:03,True
857,abigailgrimes@example.org,Maya,Weiss,CAN,premium,2024-01-21 05:18:20,,True
858,patriziascholtz@example.com,Gabrielle,Cazorla,GBR,freemium,2025-08-30 12:48:22,,True
859,proldan@example.org,Katherine,Brandt,ITA,freemium,2024-07-29 17:22:30,2025-11-23 02:18:00,True
860,wrenard@example.net,Reyes,Beard,ITA,freemium,2025-01-14 22:25:21,,True
861,uhill@example.org,Sabri,Valls,GBR,premium,2024-04-30 09:21:20,2025-11-04 01:10:25,True
862,jbailly@example.net,Ramona,Marcos,DEU,freemium,2024-08-07 06:52:43,2025-11-16 09:23:29,True
863,stewarttravis@example.org,Louis,Plaza,USA,freemium,2024-04-29 21:38:16,2025-11-05 22:40:50,True
864,ingelore02@example.com,John,Martin,USA,freemium,2024-12-02 23:05:05,2025-11-27 19:56:06,True
865,ciriacodaza@example.net,Henriette,Carroll,ITA,enterprise,2025-09-13 07:46:19,,True
866,jvaillant@example.org,Jack,Petit,CAN,freemium,2025-10-24 08:25:16,2025-11-01 07:07:19,True
867,kathy95@example.com,Lori,Agustí,GBR,freemium,2024-05-16 10:32:58,,True
868,talaverasandalio@example.org,Vicenta,Adam,ITA,freemium,2024-11-16 05:37:34,2025-11-22 14:46:35,True
869,amycox@example.net,Noémi,Tapia,GBR,freemium,2025-02-17 11:53:05,,True
870,walcalde@example.com,Cynthia,Drubin,CAN,enterprise,2025-11-25 05:34:44,2025-11-11 07:30:02,True
871,jeannine43@example.com,William,Valentín,ITA,freemium,2025-01-31 03:28:51,2025-11-07 08:33:35,True
872,adelejacquet@example.com,Christine,Armstrong,AUS,freemium,2024-07-08 06:40:51,,True
873,reydaniel@example.org,Teófila,Meyer,USA,freemium,2025-03-14 08:20:54,2025-11-11 05:35:57,True
874,yperrin@example.com,Brian,Fisher,USA,enterprise,2025-09-12 02:48:45,,True
875,jamierivera@example.org,Swantje,Kraushaar,DEU,freemium,2025-04-07 08:28:30,2025-11-09 05:56:35,True
876,emile78@example.org,Justin,Ortuño,USA,premium,2024-10-18 16:30:33,2025-11-10 01:26:16,True
877,theophilebarbe@example.com,Buenaventura,Robinson,ITA,freemium,2024-01-10 22:49:24,2025-10-30 08:09:21,True
878,teodora07@example.net,Dominique,Heidrich,ITA,freemium,2025-07-05 05:43:22,,True
879,omar53@example.net,Alex,van der Dussen,ESP,freemium,2024-11-02 00:24:09,2025-11-04 10:01:06,True
880,yatesmichael@example.com,Gerta,Jean,USA,freemium,2025-02-26 00:32:54,2025-11-10 23:19:28,True
881,guenter16@example.net,Dan,Berthelot,AUS,freemium,2025-06-18 04:36:20,,True
882,jkramer@example.net,Hans-Karl,Macias,DEU,freemium,2024-09-03 11:58:56,2025-11-02 15:30:37,True
883,tenabenigno@example.org,Maggie,Perry,DEU,freemium,2025-10-07 00:45:29,,True
884,dpierre@example.org,Fanny,Klotz,FRA,freemium,2025-05-13 09:06:06,2025-11-27 14:11:53,True
885,lydia03@example.net,Augustin,Hurst,ESP,freemium,2025-10-19 22:44:11,2025-11-02 21:28:38,True
886,bdubois@example.net,Lisa,Bolaños,ITA,freemium,2025-02-28 05:54:48,,True
887,vpetitjean@example.net,Attila,Hardy,AUS,freemium,2024-10-05 05:07:08,,True
888,solecandelas@example.net,Néstor,Mercier,GBR,freemium,2024-07-18 06:49:48,,True
889,hschlosser@example.org,Charles,Berger,USA,freemium,2025-11-02 00:42:18,,True
890,russellchristine@example.net,Kathleen,Klein,GBR,premium,2024-02-22 16:07:25,2025-11-17 18:17:33,True
891,lisarobinson@example.net,Célina,Hesse,FRA,enterprise,2025-08-20 22:31:30,2025-11-21 23:53:52,True
892,alcazarmaricruz@example.org,Adam,Schmidtke,CAN,freemium,2025-09-10 23:43:47,2025-11-28 06:20:54,True
893,stevensmith@example.net,Alba,Trubin,ESP,freemium,2025-05-19 21:44:23,2025-11-07 07:19:12,True
894,hmartel@example.net,Franck,Sierra,DEU,freemium,2024-09-11 07:21:25,2025-11-12 18:54:57,True
895,filomena56@example.org,Christina,Thompson,AUS,freemium,2025-11-07 03:17:22,2025-11-13 17:16:42,True
896,andrewsims@example.net,Pénélope,Arias,ESP,enterprise,2024-04-25 10:58:17,2025-10-31 16:57:01,True
897,malena16@example.org,René,Ollivier,ESP,enterprise,2025-10-20 01:16:19,2025-11-15 18:26:57,True
898,setzler@example.net,Zachary,Arjona,USA,freemium,2025-06-09 18:19:15,2025-11-05 07:42:17,True
899,monique76@example.com,Nathalie,Perez,CAN,freemium,2025-02-04 02:14:30,2025-11-28 01:03:03,True
900,annepineau@example.com,Julio César,Rivière,DEU,freemium,2024-11-08 01:04:15,2025-11-06 01:38:33,True
901,waehnertorben@example.com,Michael,Schlosser,USA,freemium,2025-11-21 10:34:16,,True
902,sandramartin@example.org,Cord,Philippe,CAN,freemium,2024-04-29 08:15:30,,True
903,cameron33@example.org,Alma,Simon,CAN,freemium,2025-03-14 15:12:48,2025-10-29 11:17:47,True
904,vaughnsarah@example.com,Soledad,Charles,ITA,freemium,2024-01-15 12:35:09,,True
905,nicole06@example.org,Virginia,Madrid,ESP,freemium,2024-10-25 09:09:21,,True
906,georgesstephanie@example.org,Margaux,Lindner,CAN,freemium,2025-10-31 03:53:30,2025-11-02 08:31:11,True
907,nadia20@example.com,Joshua,Jean,DEU,freemium,2024-07-15 10:54:02,2025-11-21 23:49:28,True
908,gfortuny@example.net,Patrick,Rodriguez,AUS,freemium,2025-02-08 11:06:48,2025-11-14 17:36:37,True
909,gaston99@example.com,Julie,Torres,FRA,premium,2024-10-14 14:11:13,2025-11-11 07:41:01,False
910,danielgonzales@example.com,Jean,Flantz,ESP,premium,2025-06-08 17:32:55,,True
911,yorkkatherine@example.com,Veit,Hamon,ESP,freemium,2023-12-30 05:39:43,,True
912,ehrentraud31@example.net,Herberto,Alves,ITA,enterprise,2025-09-30 15:09:10,2025-11-13 08:36:53,True
913,bayala@example.org,Octavio,Rousseau,DEU,freemium,2025-06-10 20:12:18,,True
914,neiratomas@example.net,Hannah,Talavera,ESP,premium,2024-02-24 22:01:19,,True
915,correamargarita@example.net,Filomena,Nicolau,GBR,freemium,2025-07-23 17:50:15,2025-11-20 09:34:40,False
916,annrobinson@example.com,Thomas,Lindau,CAN,freemium,2025-03-14 06:58:29,2025-11-07 01:10:47,True
917,travis56@example.com,Klaus-Peter,Gomes,ITA,premium,2025-06-03 07:20:45,2025-10-29 17:22:31,True
918,etienne51@example.com,Michel,Giraud,DEU,freemium,2024-05-01 07:23:15,2025-11-21 12:20:35,True
919,agustiiker@example.com,Modesto,Vazquez,FRA,freemium,2025-01-25 23:55:09,2025-11-12 23:51:04,True
920,benitezmanu@example.org,Lori,Fowler,DEU,freemium,2024-12-20 23:04:13,,True
921,gaillardphilippe@example.net,Eutropio,Wagenknecht,AUS,freemium,2025-05-11 21:07:49,2025-11-03 03:16:56,True
922,edelmiraalegre@example.net,Cloe,Turpin,AUS,freemium,2024-11-11 21:28:04,2025-11-04 15:26:01,True
923,petarkiller@example.net,Dominique,Jäntsch,USA,freemium,2024-11-25 19:51:19,,True
924,vbouvier@example.com,Florence,Kallert,GBR,freemium,2025-01-26 11:09:08,,True
925,rochus15@example.net,Carlos,Davis,DEU,freemium,2025-02-14 08:41:52,,True
926,sabasbustos@example.com,Paola,Sáenz,DEU,freemium,2024-12-26 09:32:46,2025-11-13 02:23:18,True
927,hortensemorvan@example.com,Emiliano,Richardson,ITA,freemium,2024-08-02 07:44:50,2025-11-26 06:19:59,True
928,cboucher@example.com,Jacob,Anderson,GBR,enterprise,2025-08-24 02:47:48,,True
929,wgibson@example.org,Brigitte,Sims,GBR,enterprise,2025-10-13 13:29:27,2025-11-04 04:05:17,True
930,juettnerrosita@example.org,April,Hörle,AUS,freemium,2024-01-14 01:01:06,2025-11-04 09:07:05,True
931,antoinedavid@example.org,Salih,English,CAN,premium,2024-05-21 13:42:14,,True
932,ymoreno@example.net,Giovanna,Roht,FRA,enterprise,2024-01-25 00:17:07,2025-11-11 16:55:47,True
933,alosekann@example.org,Adrienne,Miranda,ESP,premium,2025-08-19 15:15:41,2025-11-27 06:31:58,True
934,morenoclaude@example.com,Sophie,Mallet,FRA,premium,2023-12-28 14:49:33,2025-11-19 01:37:19,True
935,steykristiane@example.net,Michael,Laguna,CAN,freemium,2025-05-02 02:34:16,2025-11-14 14:55:18,True
936,jenniferhanson@example.org,Pero,Smith,USA,freemium,2025-01-13 14:24:57,,True
937,margaritakoch@example.net,Mary,Lange,USA,freemium,2024-05-21 06:14:30,2025-11-15 08:44:38,True
938,dolores73@example.com,Benoît,Vilar,FRA,freemium,2024-09-24 19:46:30,2025-11-08 00:34:09,True
939,hknight@example.org,Nicholas,Daniel,USA,freemium,2024-06-23 19:24:34,2025-11-26 04:01:38,True
940,zimmermankaitlyn@example.net,Cornelio,Kohl,USA,enterprise,2024-01-22 15:07:34,2025-10-29 18:18:55,True
941,michaellong@example.net,Josefina,Laporte,CAN,enterprise,2025-01-25 11:59:14,2025-11-09 19:42:56,True
942,millerkim@example.org,Charles,Acedo,ESP,freemium,2024-11-18 12:48:44,2025-10-29 21:16:53,True
943,ivera@example.com,Mara,Hänel,FRA,enterprise,2025-02-14 15:01:21,2025-11-05 18:48:15,True
944,reigadriana@example.org,Alwine,Sandoval,DEU,freemium,2025-09-21 13:14:39,,True
945,teocanovas@example.com,Virginie,Uribe,USA,premium,2024-10-26 19:33:49,,True
946,joerg-peter19@example.net,Ileana,Aubry,GBR,freemium,2024-05-30 13:24:12,2025-11-16 14:13:21,True
947,lcollins@example.org,Sergei,Russell,ITA,freemium,2024-03-05 21:07:39,2025-11-12 10:38:32,True
948,marionetzler@example.com,Nicolas,Pechel,DEU,freemium,2025-05-10 23:52:40,,True
949,gerardaudrey@example.org,Samu,Roach,CAN,freemium,2024-01-14 05:27:48,,True
950,alfaroadrian@example.com,Christine,Rocha,ITA,premium,2024-01-05 09:31:44,,True
951,qperez@example.com,Andre,Thierry,GBR,freemium,2025-07-19 01:53:56,2025-11-24 05:40:13,True
952,kathleen49@example.com,Melitta,Simó,CAN,freemium,2025-03-17 19:01:50,2025-11-22 13:59:45,True
953,philippine30@example.com,Estefanía,Sanmartín,AUS,freemium,2024-11-12 09:13:16,2025-10-30 15:28:12,True
954,ioannisstolze@example.org,Consuela,Alves,FRA,freemium,2024-07-30 07:21:52,2025-11-27 04:56:07,True
955,hevrard@example.com,Remigio,Simó,GBR,freemium,2024-02-24 18:42:01,2025-10-31 13:07:44,True
956,adeleroche@example.com,Sevim,Sauvage,GBR,freemium,2024-11-01 06:56:45,2025-11-22 08:44:24,True
957,wpreiss@example.net,James,Diez,FRA,freemium,2024-05-11 00:33:52,2025-11-27 03:15:40,True
958,qnaser@example.net,Alvin,Antón,AUS,freemium,2025-06-25 01:15:48,,True
959,higuerasjoaquina@example.net,Alwina,Richard,DEU,premium,2025-11-03 04:10:20,2025-11-06 21:00:10,True
960,ferrandbernadette@example.net,Alex,Ladeck,CAN,freemium,2024-07-02 22:48:23,,True
961,hannahevans@example.net,Kevin,Hoffmann,CAN,freemium,2024-07-19 22:46:19,2025-11-06 10:36:21,True
962,lpinol@example.org,Véronique,Scholl,FRA,freemium,2025-10-15 17:38:04,2025-11-23 04:37:36,False
963,wblanchard@example.org,Margaud,Mariño,GBR,premium,2025-07-09 15:39:10,,True
964,brosenow@example.net,Kristen,Mercier,AUS,freemium,2025-07-02 00:20:23,2025-11-15 19:18:39,True
965,emapou@example.net,Murat,Launay,ESP,freemium,2024-05-21 02:55:14,2025-11-05 00:56:29,True
966,ecolas@example.com,Demetrio,Nohlmans,FRA,freemium,2024-05-29 08:19:39,,True
967,gottlieb43@example.com,Aurelia,Laporte,USA,freemium,2024-11-18 15:05:28,2025-11-01 18:44:39,True
968,joubertfrederique@example.net,Anton,Sanchez,ESP,freemium,2024-09-02 10:24:55,2025-11-05 03:47:14,True
969,ewaldseifert@example.org,Ronnie,Wulf,ESP,enterprise,2023-11-29 15:04:30,,True
970,beatrizmarquez@example.org,Karina,Gilbert,CAN,premium,2025-02-02 22:21:16,2025-11-22 06:32:39,True
971,juliane41@example.org,Pauline,Köhler,AUS,freemium,2025-10-14 07:52:23,2025-11-25 09:39:46,True
972,liahaering@example.org,Frank,Santiago,FRA,freemium,2024-10-01 08:32:49,2025-11-03 22:58:33,True
973,genevievehoarau@example.com,Matthew,Reyes,GBR,freemium,2024-03-22 16:06:11,2025-10-29 11:59:46,True
974,tweimer@example.com,Mathilde,Warner,AUS,freemium,2025-06-11 14:19:54,2025-11-01 00:32:08,True
975,wangsara@example.com,Juan Carlos,De Sousa,ITA,freemium,2025-06-08 18:40:52,2025-10-30 10:55:24,True
976,kolson@example.com,Erna,Meléndez,USA,freemium,2024-09-03 07:48:37,2025-11-13 04:36:24,True
977,traugott21@example.net,Frédérique,Hobbs,ESP,freemium,2025-11-03 19:22:04,2025-11-20 07:00:26,True
978,colincorinne@example.net,Kimberly,Coll,DEU,freemium,2024-10-01 17:08:22,2025-11-09 11:36:59,True
979,marekniemeier@example.net,James,Valentin,ESP,freemium,2025-11-09 19:38:35,2025-11-05 10:20:34,True
980,rfinley@example.org,Theodora,Godard,GBR,enterprise,2024-03-16 22:55:41,2025-11-03 11:56:12,True
981,wgraf@example.org,Lotti,Arnal,CAN,freemium,2025-05-30 11:58:42,,True
982,abellawalter@example.net,Jose Francisco,Traore,AUS,freemium,2025-07-28 12:00:39,2025-11-21 23:34:22,True
983,obouchet@example.com,Juan,Renault,ESP,premium,2024-08-09 03:44:20,,True
984,andreerenaud@example.com,Benjamin,Cousin,ITA,freemium,2025-05-03 03:13:32,,True
985,lkane@example.net,Ariel,Pierce,CAN,premium,2025-09-03 14:26:12,2025-11-06 06:29:46,True
986,kevinbutler@example.net,Wilfriede,Paffrath,USA,freemium,2024-01-30 22:41:15,2025-11-15 06:43:20,True
987,penalverpancho@example.net,Czeslaw,Elliott,FRA,freemium,2024-02-21 15:07:39,2025-10-29 21:25:43,True
988,baezchita@example.com,Alexandria,Gautier,FRA,freemium,2025-05-21 21:48:40,2025-11-08 00:27:26,True
989,selenavilar@example.org,Maite,Besson,DEU,freemium,2025-11-12 00:51:49,,True
990,rpechel@example.net,Aristides,Rohleder,GBR,freemium,2025-02-10 12:17:49,,True
991,tiburciomenendez@example.net,Carolyn,Römer,USA,freemium,2025-10-08 14:23:23,2025-11-18 15:00:13,True
992,ffroehlich@example.net,Madeleine,Terry,FRA,freemium,2024-10-11 03:46:42,2025-11-15 06:58:09,True
993,iwieloch@example.com,Michael,Denis,ESP,freemium,2025-05-20 01:37:51,2025-11-11 11:26:23,True
994,williamsosa@example.net,Mia,Reese,CAN,enterprise,2025-11-09 11:13:03,2025-11-13 01:26:01,True
995,serranorocio@example.org,Virginie,Hardy,DEU,premium,2025-04-22 05:34:40,,True
996,adelaidevallee@example.org,Logan,Llano,CAN,freemium,2025-01-13 18:05:14,,True
997,remycolin@example.net,Charlotte,Fernandez,USA,freemium,2025-06-22 06:35:12,2025-11-10 22:21:27,True
998,villalbaheliodoro@example.com,Katherine,Pozo,AUS,freemium,2024-04-20 19:06:23,2025-11-17 11:42:36,True
999,elise51@example.net,Philippine,Miller,CAN,freemium,2024-12-02 07:45:55,2025-11-17 19:30:09,True
1000,muellerimelda@example.com,Antoinette,Pottier,FRA,freemium,2023-12-24 20:05:35,2025-11-06 05:36:09,True
